review_id,rank,movie_id,movie,date,text,quality_flag,likes,sentiment,positive_terms,negative_terms,themes,source_url,collected_at,raw_file
24708-001,1,24708,극장판 치이카와: 인어 섬의 비밀,2026-10-02 09:19,캐릭터가 귀여워서 보는 재미가 있어요,,0,긍정 단서,귀여,,서사·연출,https://www.lottecinema.co.kr/NLCHS/Movie/MovieDetailView?movie=24708,2026-10-02T11:14:37.706669+09:00,24708_expanded.json
24708-002,1,24708,극장판 치이카와: 인어 섬의 비밀,2026-10-02 08:50,먼작귀 너무 귀엽고 노래도 귀엽고 재미있네요..,,0,긍정 단서,귀엽|재미있,,,https://www.lottecinema.co.kr/NLCHS/Movie/MovieDetailView?movie=24708,2026-10-02T11:14:37.706669+09:00,24708_expanded.json
24708-003,1,24708,극장판 치이카와: 인어 섬의 비밀,2026-10-02 08:43,쿠키를 꼭 봐야해요,,0,단서 없음,,,,https://www.lottecinema.co.kr/NLCHS/Movie/MovieDetailView?movie=24708,2026-10-02T11:14:37.706669+09:00,24708_expanded.json
24708-004,1,24708,극장판 치이카와: 인어 섬의 비밀,2026-10-02 08:35,너무 귀여워요ㅠㅠㅠㅠㅠ,,0,긍정 단서,귀여,,,https://www.lottecinema.co.kr/NLCHS/Movie/MovieDetailView?movie=24708,2026-10-02T11:14:37.706669+09:00,24708_expanded.json
24708-005,1,24708,극장판 치이카와: 인어 섬의 비밀,2026-10-02 08:00,치이카와 처음인데 귀엽네요.^^,,0,긍정 단서,귀엽,,,https://www.lottecinema.co.kr/NLCHS/Movie/MovieDetailView?movie=24708,2026-10-02T11:14:37.706669+09:00,24708_expanded.json
24708-006,1,24708,극장판 치이카와: 인어 섬의 비밀,2026-10-02 05:10,경품이 다했다,,0,단서 없음,,,굿즈·특전,https://www.lottecinema.co.kr/NLCHS/Movie/MovieDetailView?movie=24708,2026-10-02T11:14:37.706669+09:00,24708_expanded.json
24708-007,1,24708,극장판 치이카와: 인어 섬의 비밀,2026-10-02 02:16,영화 잘 봤습니다~ㅎㅎ,,0,긍정 단서,잘 봤,,,https://www.lottecinema.co.kr/NLCHS/Movie/MovieDetailView?movie=24708,2026-10-02T11:14:37.706669+09:00,24708_expanded.json
24708-008,1,24708,극장판 치이카와: 인어 섬의 비밀,2026-10-02 01:59,텅빈 눈으로 극장을 나옴…이게 뭘까? ㅠㅠ 무서워요,,1,부정 단서,,뭘까,공포·강도,https://www.lottecinema.co.kr/NLCHS/Movie/MovieDetailView?movie=24708,2026-10-02T11:14:37.706669+09:00,24708_expanded.json
24708-009,1,24708,극장판 치이카와: 인어 섬의 비밀,2026-10-02 01:58,초반엔 좀 지루했는데 후반부가 정말 재밌음.,,0,혼합 단서,재밌,지루,몰입·속도,https://www.lottecinema.co.kr/NLCHS/Movie/MovieDetailView?movie=24708,2026-10-02T11:14:37.706669+09:00,24708_expanded.json
24708-010,1,24708,극장판 치이카와: 인어 섬의 비밀,2026-10-02 01:10,[7/10]: 귀여운 외피로 가려진 가장 매운맛의 동화.,,0,긍정 단서,귀여,,서사·연출,https://www.lottecinema.co.kr/NLCHS/Movie/MovieDetailView?movie=24708,2026-10-02T11:14:37.706669+09:00,24708_expanded.json
24708-011,1,24708,극장판 치이카와: 인어 섬의 비밀,2026-10-02 01:08,굿즈 받기가 너무 치열해요...,,0,단서 없음,,,굿즈·특전,https://www.lottecinema.co.kr/NLCHS/Movie/MovieDetailView?movie=24708,2026-10-02T11:14:37.706669+09:00,24708_expanded.json
24708-012,1,24708,극장판 치이카와: 인어 섬의 비밀,2026-10-02 00:57,영화 자체는 좀 기괴해요 캐릭터는 귀요미!,,0,긍정 단서,귀요,,서사·연출|공포·강도,https://www.lottecinema.co.kr/NLCHS/Movie/MovieDetailView?movie=24708,2026-10-02T11:14:37.706669+09:00,24708_expanded.json
24708-013,1,24708,극장판 치이카와: 인어 섬의 비밀,2026-10-02 00:51,추천추천. 자막도 좋지만 더빙도 정말 잘 되어있다. 다만 더빙 중간에 노래가 어른들의 사정 때문인지 일본어로 나와서 집중이 깨졌다 ㅜㅜ 그래도 정말 재밌게 본 영화!!,,0,혼합 단서,재밌|추천,집중이 깨,재관람·추천 의향,https://www.lottecinema.co.kr/NLCHS/Movie/MovieDetailView?movie=24708,2026-10-02T11:14:37.706669+09:00,24708_expanded.json
24708-014,1,24708,극장판 치이카와: 인어 섬의 비밀,2026-10-02 00:50,태교에는 좋지않을듯.,,1,부정 단서,,부정표현,,https://www.lottecinema.co.kr/NLCHS/Movie/MovieDetailView?movie=24708,2026-10-02T11:14:37.706669+09:00,24708_expanded.json
24708-015,1,24708,극장판 치이카와: 인어 섬의 비밀,2026-10-02 00:33,귀여운 애 옆에 귀여운 애,,0,긍정 단서,귀여,,서사·연출,https://www.lottecinema.co.kr/NLCHS/Movie/MovieDetailView?movie=24708,2026-10-02T11:14:37.706669+09:00,24708_expanded.json
24708-016,1,24708,극장판 치이카와: 인어 섬의 비밀,2026-10-02 00:27,TedHfznzmgdmgmdhkeykye6i3,,0,단서 없음,,,,https://www.lottecinema.co.kr/NLCHS/Movie/MovieDetailView?movie=24708,2026-10-02T11:14:37.706669+09:00,24708_expanded.json
24708-017,1,24708,극장판 치이카와: 인어 섬의 비밀,2026-10-02 00:22,치이카와822222,,0,단서 없음,,,,https://www.lottecinema.co.kr/NLCHS/Movie/MovieDetailView?movie=24708,2026-10-02T11:14:37.706669+09:00,24708_expanded.json
24708-018,1,24708,극장판 치이카와: 인어 섬의 비밀,2026-10-01 23:58,치이카와 잘 봤습니다,,0,긍정 단서,잘 봤,,,https://www.lottecinema.co.kr/NLCHS/Movie/MovieDetailView?movie=24708,2026-10-02T11:14:37.706669+09:00,24708_expanded.json
24708-019,1,24708,극장판 치이카와: 인어 섬의 비밀,2026-10-01 23:52,올해의 일본 영화라고 생각합니다,,0,단서 없음,,,,https://www.lottecinema.co.kr/NLCHS/Movie/MovieDetailView?movie=24708,2026-10-02T11:14:37.706669+09:00,24708_expanded.json
24708-020,1,24708,극장판 치이카와: 인어 섬의 비밀,2026-10-01 23:36,뒷맛이 씁쓸한 느낌...,,0,단서 없음,,,,https://www.lottecinema.co.kr/NLCHS/Movie/MovieDetailView?movie=24708,2026-10-02T11:14:37.706669+09:00,24708_expanded.json
24708-021,1,24708,극장판 치이카와: 인어 섬의 비밀,2026-10-01 23:36,이게 어른 동화?,,0,단서 없음,,,,https://www.lottecinema.co.kr/NLCHS/Movie/MovieDetailView?movie=24708,2026-10-02T11:14:37.706669+09:00,24708_expanded.json
24708-022,1,24708,극장판 치이카와: 인어 섬의 비밀,2026-10-01 22:59,귀여움속에 숨겨진 다크 판타지 영화,,0,긍정 단서,귀여,,공포·강도,https://www.lottecinema.co.kr/NLCHS/Movie/MovieDetailView?movie=24708,2026-10-02T11:14:37.706669+09:00,24708_expanded.json
24708-023,1,24708,극장판 치이카와: 인어 섬의 비밀,2026-10-01 22:51,영화를 본 이후부터 영화가 시작된다,,0,단서 없음,,,,https://www.lottecinema.co.kr/NLCHS/Movie/MovieDetailView?movie=24708,2026-10-02T11:14:37.706669+09:00,24708_expanded.json
24708-024,1,24708,극장판 치이카와: 인어 섬의 비밀,2026-10-01 22:49,영화 재미있게 잘 봤습니다,,0,긍정 단서,잘 봤|재미있|재미있게,,,https://www.lottecinema.co.kr/NLCHS/Movie/MovieDetailView?movie=24708,2026-10-02T11:14:37.706669+09:00,24708_expanded.json
24708-025,1,24708,극장판 치이카와: 인어 섬의 비밀,2026-10-01 22:11,아니특전이하루만에 없어 특전홍보를 하지말던가,,1,단서 없음,,,굿즈·특전,https://www.lottecinema.co.kr/NLCHS/Movie/MovieDetailView?movie=24708,2026-10-02T11:14:37.706669+09:00,24708_expanded.json
24708-026,1,24708,극장판 치이카와: 인어 섬의 비밀,2026-10-01 22:07,치이카와 처음 보는데 귀여워요!!,,0,긍정 단서,귀여,,,https://www.lottecinema.co.kr/NLCHS/Movie/MovieDetailView?movie=24708,2026-10-02T11:14:37.706669+09:00,24708_expanded.json
24708-027,1,24708,극장판 치이카와: 인어 섬의 비밀,2026-10-01 21:59,캐릭은 넘 귀여운데 너무기대해나봐요,,0,긍정 단서,귀여,,서사·연출,https://www.lottecinema.co.kr/NLCHS/Movie/MovieDetailView?movie=24708,2026-10-02T11:14:37.706669+09:00,24708_expanded.json
24708-028,1,24708,극장판 치이카와: 인어 섬의 비밀,2026-10-01 21:47,후반부 반전은 그저 충격 그 자체,,0,단서 없음,,,공포·강도,https://www.lottecinema.co.kr/NLCHS/Movie/MovieDetailView?movie=24708,2026-10-02T11:14:37.706669+09:00,24708_expanded.json
24708-029,1,24708,극장판 치이카와: 인어 섬의 비밀,2026-10-01 21:47,"귀여운 그림체, 그와 대비되는 섬뜩한 분위기",,0,긍정 단서,귀여,,서사·연출|공포·강도,https://www.lottecinema.co.kr/NLCHS/Movie/MovieDetailView?movie=24708,2026-10-02T11:14:37.706669+09:00,24708_expanded.json
24708-030,1,24708,극장판 치이카와: 인어 섬의 비밀,2026-10-01 21:44,먼작귀 귀여움. 흥미있게 보았음 ㅎ,,0,긍정 단서,귀여|흥미,,,https://www.lottecinema.co.kr/NLCHS/Movie/MovieDetailView?movie=24708,2026-10-02T11:14:37.706669+09:00,24708_expanded.json
24708-031,1,24708,극장판 치이카와: 인어 섬의 비밀,2026-10-01 21:36,시사회로 먼저 본 사람들이 애들이 다 경기 일으키면서 운다. 심연이다. 15세 해야한다. 꿈도 희망도 없다. 이래서 엄청 무섭나 보다... 하고 봤는데 전혀 아님 아동용 애니 원래 찝찝한 구석 있는 그거랑 똑같음. 재미는 있어요.,,2,단서 없음,,,공포·강도,https://www.lottecinema.co.kr/NLCHS/Movie/MovieDetailView?movie=24708,2026-10-02T11:14:37.706669+09:00,24708_expanded.json
24708-032,1,24708,극장판 치이카와: 인어 섬의 비밀,2026-10-01 21:18,이야~얏하얏하 우~나 야얏하하핫핫 우나~,,0,단서 없음,,,,https://www.lottecinema.co.kr/NLCHS/Movie/MovieDetailView?movie=24708,2026-10-02T11:14:37.706669+09:00,24708_expanded.json
24708-033,1,24708,극장판 치이카와: 인어 섬의 비밀,2026-10-01 20:57,그럭저럭볼만하것같네요,,0,긍정 단서,볼만,,,https://www.lottecinema.co.kr/NLCHS/Movie/MovieDetailView?movie=24708,2026-10-02T11:14:37.706669+09:00,24708_expanded.json
24708-034,1,24708,극장판 치이카와: 인어 섬의 비밀,2026-10-01 20:43,귀엽다.........,,2,긍정 단서,귀엽,,,https://www.lottecinema.co.kr/NLCHS/Movie/MovieDetailView?movie=24708,2026-10-02T11:14:37.706669+09:00,24708_expanded.json
24708-035,1,24708,극장판 치이카와: 인어 섬의 비밀,2026-10-01 20:39,이렇게 귀여운 공포 영화를 봤나,,1,긍정 단서,귀여,,서사·연출|공포·강도,https://www.lottecinema.co.kr/NLCHS/Movie/MovieDetailView?movie=24708,2026-10-02T11:14:37.706669+09:00,24708_expanded.json
24708-036,1,24708,극장판 치이카와: 인어 섬의 비밀,2026-10-01 20:26,귀여움,짧거나 제목만 있는 리뷰,0,긍정 단서,귀여,,,https://www.lottecinema.co.kr/NLCHS/Movie/MovieDetailView?movie=24708,2026-10-02T11:14:37.706669+09:00,24708_expanded.json
24708-037,1,24708,극장판 치이카와: 인어 섬의 비밀,2026-10-01 19:38,"달콤, 살벌한 먼작귀. 먼가 작살내고 귀환하는 녀석들.",,1,단서 없음,,,,https://www.lottecinema.co.kr/NLCHS/Movie/MovieDetailView?movie=24708,2026-10-02T11:14:37.706669+09:00,24708_expanded.json
24708-038,1,24708,극장판 치이카와: 인어 섬의 비밀,2026-10-01 19:07,귀여워요,,0,긍정 단서,귀여,,,https://www.lottecinema.co.kr/NLCHS/Movie/MovieDetailView?movie=24708,2026-10-02T11:14:37.706669+09:00,24708_expanded.json
24708-039,1,24708,극장판 치이카와: 인어 섬의 비밀,2026-10-01 18:37,스토리 슴슴하다가 후반부터 재밋어진 쿠키있으니깐 꼭 보고나가요,,0,긍정 단서,재밋,,서사·연출|재관람·추천 의향,https://www.lottecinema.co.kr/NLCHS/Movie/MovieDetailView?movie=24708,2026-10-02T11:14:37.706669+09:00,24708_expanded.json
24708-040,1,24708,극장판 치이카와: 인어 섬의 비밀,2026-10-01 18:17,미드소마니 곡성이니 절대 그정도아니에요.낚인 기분임.중간에 좀 졸려요.그냥 유튜브에서 보는 1분짜리가 훨씬 재밌어요.,,1,혼합 단서,재밌,졸려,몰입·속도|공포·강도,https://www.lottecinema.co.kr/NLCHS/Movie/MovieDetailView?movie=24708,2026-10-02T11:14:37.706669+09:00,24708_expanded.json
24708-041,1,24708,극장판 치이카와: 인어 섬의 비밀,2026-10-01 18:12,세이렌에 대한 이야기가 참 좋았습니다.,,0,긍정 단서,좋았,,,https://www.lottecinema.co.kr/NLCHS/Movie/MovieDetailView?movie=24708,2026-10-02T11:14:37.706669+09:00,24708_expanded.json
24708-042,1,24708,극장판 치이카와: 인어 섬의 비밀,2026-10-01 18:10,귀여운 그림체와 가벼운 일상이야기가 나오면서도 어두운 이야기가 나오는게 참 신기했습니다.,,0,긍정 단서,귀여,,서사·연출,https://www.lottecinema.co.kr/NLCHS/Movie/MovieDetailView?movie=24708,2026-10-02T11:14:37.706669+09:00,24708_expanded.json
24708-043,1,24708,극장판 치이카와: 인어 섬의 비밀,2026-10-01 17:59,재미있게 잘 봤습니다 ~^^,,1,긍정 단서,잘 봤|재미있|재미있게,,,https://www.lottecinema.co.kr/NLCHS/Movie/MovieDetailView?movie=24708,2026-10-02T11:14:37.706669+09:00,24708_expanded.json
24708-044,1,24708,극장판 치이카와: 인어 섬의 비밀,2026-10-01 17:36,전혀 사전지식 없이 걍 보러 갔는데 충격먹음 걍 캐릭터만 귀엽지 내용은 공포 스릴러임 포장지만 귀여운 미드소마,,0,긍정 단서,귀여|귀엽,,서사·연출|공포·강도,https://www.lottecinema.co.kr/NLCHS/Movie/MovieDetailView?movie=24708,2026-10-02T11:14:37.706669+09:00,24708_expanded.json
24708-045,1,24708,극장판 치이카와: 인어 섬의 비밀,2026-10-01 17:10,오디세이 + 곡성 + 기생충 + 미드소마 = 인어섬의 비밀 너무 재밋엇습니다~,,0,긍정 단서,재밋,,공포·강도,https://www.lottecinema.co.kr/NLCHS/Movie/MovieDetailView?movie=24708,2026-10-02T11:14:37.706669+09:00,24708_expanded.json
24708-046,1,24708,극장판 치이카와: 인어 섬의 비밀,2026-10-01 17:03,치이카와 전혀 잘 모르는데 이거 전체관람가 맞나요? 보면서도 이게 맞나 싶은데..,,0,단서 없음,,,공포·강도,https://www.lottecinema.co.kr/NLCHS/Movie/MovieDetailView?movie=24708,2026-10-02T11:14:37.706669+09:00,24708_expanded.json
24708-047,1,24708,극장판 치이카와: 인어 섬의 비밀,2026-10-01 16:58,기여운 먼작귀 친구들 굿즈 많이 뽑아주세여,,0,긍정 단서,기여,,서사·연출|굿즈·특전,https://www.lottecinema.co.kr/NLCHS/Movie/MovieDetailView?movie=24708,2026-10-02T11:14:37.706669+09:00,24708_expanded.json
24708-048,1,24708,극장판 치이카와: 인어 섬의 비밀,2026-10-01 16:58,결말이 충격적.... 아동영화인척 하는 어른 영화,,0,단서 없음,,,서사·연출|공포·강도,https://www.lottecinema.co.kr/NLCHS/Movie/MovieDetailView?movie=24708,2026-10-02T11:14:37.706669+09:00,24708_expanded.json
24708-049,1,24708,극장판 치이카와: 인어 섬의 비밀,2026-10-01 16:39,"치이카와 가르마 토끼 하늘다람쥐 밤만쥬 해달 시사 헌책방 먼작귀 귀여운 캐릭터들, 내용이 심오한데 어른이 애니. 쿠키는 있고... 모든 관람객에게 굿즈를 주세요~ 이게 뭡니까 #&\$?¿",,1,긍정 단서,귀여,,서사·연출|굿즈·특전,https://www.lottecinema.co.kr/NLCHS/Movie/MovieDetailView?movie=24708,2026-10-02T11:14:37.706669+09:00,24708_expanded.json
24708-050,1,24708,극장판 치이카와: 인어 섬의 비밀,2026-10-01 16:18,진짜 너무귀엽고 벅차오르고 눈물날뻔 ㅠㅠ 내용도 심오하고 재밌습니다잉,,0,긍정 단서,귀엽|재밌,,서사·연출,https://www.lottecinema.co.kr/NLCHS/Movie/MovieDetailView?movie=24708,2026-10-02T11:14:37.706669+09:00,24708_expanded.json
24708-051,1,24708,극장판 치이카와: 인어 섬의 비밀,2026-10-01 16:01,치이카와는 원래 이런 맛,,0,단서 없음,,,,https://www.lottecinema.co.kr/NLCHS/Movie/MovieDetailView?movie=24708,2026-10-02T11:14:37.706669+09:00,24708_expanded.json
24708-052,1,24708,극장판 치이카와: 인어 섬의 비밀,2026-10-01 15:48,솔직히 진짜 잘만들었고 치이카와 세계관 모른채로보면 조금 충격적일순있는데 원래 치이카와 잘알면 그냥 괜찮음. 무섭다기보단 조금 슬펐음. 그리고 우사기가 랩하는 부분은 인도영환줄 와중에 잘함 ㅋㅋㅋ,,0,단서 없음,,,공포·강도,https://www.lottecinema.co.kr/NLCHS/Movie/MovieDetailView?movie=24708,2026-10-02T11:14:37.706669+09:00,24708_expanded.json
24708-053,1,24708,극장판 치이카와: 인어 섬의 비밀,2026-10-01 15:39,치이카와 전혀 모르는 입장에서 봤을 때 결말 자체는 신선했습니다 근데 얼렁뚱땅(?) 개연성 없이 흘러가는 부분들이 많아서 개인적으로는 좀 지루했어요..,,0,부정 단서,,지루,서사·연출|몰입·속도,https://www.lottecinema.co.kr/NLCHS/Movie/MovieDetailView?movie=24708,2026-10-02T11:14:37.706669+09:00,24708_expanded.json
24708-054,1,24708,극장판 치이카와: 인어 섬의 비밀,2026-10-01 15:29,처음엔 졸려요. 귀요미 보러갔는데...ㅜㅜ 마지막엔 졸수도없는 일이 벌어져요. 음.음. 전체관람가가 맞나?싶음.!,,0,혼합 단서,귀요,졸려,몰입·속도|공포·강도,https://www.lottecinema.co.kr/NLCHS/Movie/MovieDetailView?movie=24708,2026-10-02T11:14:37.706669+09:00,24708_expanded.json
24708-055,1,24708,극장판 치이카와: 인어 섬의 비밀,2026-10-01 15:19,애기들용인 줄 알고 봤는데 다 보고 나니 내용이 심오함,,0,단서 없음,,,서사·연출,https://www.lottecinema.co.kr/NLCHS/Movie/MovieDetailView?movie=24708,2026-10-02T11:14:37.706669+09:00,24708_expanded.json
24708-056,1,24708,극장판 치이카와: 인어 섬의 비밀,2026-10-01 15:16,그냥 뭐 그래요......,,1,단서 없음,,,,https://www.lottecinema.co.kr/NLCHS/Movie/MovieDetailView?movie=24708,2026-10-02T11:14:37.706669+09:00,24708_expanded.json
24708-057,1,24708,극장판 치이카와: 인어 섬의 비밀,2026-10-01 15:03,꿀잼 영화임 시간 나면 보러가세요,,0,긍정 단서,꿀잼,,재관람·추천 의향,https://www.lottecinema.co.kr/NLCHS/Movie/MovieDetailView?movie=24708,2026-10-02T11:14:37.706669+09:00,24708_expanded.json
24708-058,1,24708,극장판 치이카와: 인어 섬의 비밀,2026-10-01 14:58,둥실둥실 흘러가요.,,0,단서 없음,,,,https://www.lottecinema.co.kr/NLCHS/Movie/MovieDetailView?movie=24708,2026-10-02T11:14:37.706669+09:00,24708_expanded.json
24708-059,1,24708,극장판 치이카와: 인어 섬의 비밀,2026-10-01 14:55,캐릭터가 귀여운거 빼면 지루해요.,,0,혼합 단서,귀여,지루,서사·연출|몰입·속도,https://www.lottecinema.co.kr/NLCHS/Movie/MovieDetailView?movie=24708,2026-10-02T11:14:37.706669+09:00,24708_expanded.json
24708-060,1,24708,극장판 치이카와: 인어 섬의 비밀,2026-10-01 14:35,느므무서워요 ㄷㄷㄷ,,0,단서 없음,,,공포·강도,https://www.lottecinema.co.kr/NLCHS/Movie/MovieDetailView?movie=24708,2026-10-02T11:14:37.706669+09:00,24708_expanded.json
24623-001,2,24623,암살자(들),2026-10-02 11:11,"너무 재밌네요. 스토리 전개랑, 배우들 연기가 너무 좋아 정말 몰입하고 봤어요. 그리고 일부 역사왜곡이라는 주장은 받아들이기 힘드네요. 1974.8.15에 일어난 비극적인 사건에 미스터리를 풀어나가는 스토리가 너무 흥미진진하네요.",,0,혼합 단서,재밌|좋아|흥미,왜곡,연기·배우|서사·연출|몰입·속도|역사·사회 해석,https://www.lottecinema.co.kr/NLCHS/Movie/MovieDetailView?movie=24623,2026-10-02T11:14:37.975497+09:00,24623_expanded.json
24623-002,2,24623,암살자(들),2026-10-02 11:04,재미있게 잘봤습니다 ~~,,0,긍정 단서,잘봤|재미있|재미있게,,,https://www.lottecinema.co.kr/NLCHS/Movie/MovieDetailView?movie=24623,2026-10-02T11:14:37.975497+09:00,24623_expanded.json
24623-003,2,24623,암살자(들),2026-10-02 11:02,몰입해서 봤습니다. 진실이 궁금해지네요,,0,단서 없음,,,몰입·속도|역사·사회 해석,https://www.lottecinema.co.kr/NLCHS/Movie/MovieDetailView?movie=24623,2026-10-02T11:14:37.975497+09:00,24623_expanded.json
24623-004,2,24623,암살자(들),2026-10-02 10:56,"잘 보았어요, 진실을 알고 싶네요",,0,긍정 단서,잘 보았,,역사·사회 해석,https://www.lottecinema.co.kr/NLCHS/Movie/MovieDetailView?movie=24623,2026-10-02T11:14:37.975497+09:00,24623_expanded.json
24623-005,2,24623,암살자(들),2026-10-02 10:50,영화 재미있게 잘 봤어요.,,1,긍정 단서,잘 봤|재미있|재미있게,,,https://www.lottecinema.co.kr/NLCHS/Movie/MovieDetailView?movie=24623,2026-10-02T11:14:37.975497+09:00,24623_expanded.json
24623-006,2,24623,암살자(들),2026-10-02 10:40,보는내내 긴장되고 몰입이 잘되 좋았습니다. 역사관 없이 자기 신념으로 긁혀 1점 테러 하는 사람들 보면 영화 보긴 봤는지 의문이지만 그 시대를 살아온 분들은 알고계시겠죠 얼마나 야만의 시대였는지,,5,긍정 단서,좋았,,몰입·속도|역사·사회 해석,https://www.lottecinema.co.kr/NLCHS/Movie/MovieDetailView?movie=24623,2026-10-02T11:14:37.975497+09:00,24623_expanded.json
24623-007,2,24623,암살자(들),2026-10-02 10:29,"영화가 70년대 시대상 반영을 잘 하고 있습니다. 가정집, 타자기학원 등의 고증도 잘 된 것 같아 높은 점수를 줍니다. 굴하지 않고 계속 나아가길 바랍니다.",,4,단서 없음,,,역사·사회 해석,https://www.lottecinema.co.kr/NLCHS/Movie/MovieDetailView?movie=24623,2026-10-02T11:14:37.975497+09:00,24623_expanded.json
24623-008,2,24623,암살자(들),2026-10-02 10:23,영화가 끝난뒤 지금의 언론을 생각하면 한숨이 나왔지만 잘 만든 영화였어요. 재밌게 잘 봤습니다.,,6,긍정 단서,잘 봤|재밌,,역사·사회 해석,https://www.lottecinema.co.kr/NLCHS/Movie/MovieDetailView?movie=24623,2026-10-02T11:14:37.975497+09:00,24623_expanded.json
24623-009,2,24623,암살자(들),2026-10-02 10:19,긴장감 있고 몰입도 높게 잘 봤습니다,,5,긍정 단서,몰입도 높|잘 봤,,몰입·속도,https://www.lottecinema.co.kr/NLCHS/Movie/MovieDetailView?movie=24623,2026-10-02T11:14:37.975497+09:00,24623_expanded.json
24623-010,2,24623,암살자(들),2026-10-02 10:13,"그날의 진실은 무엇이었을까. 그리고 지금, 여전히 닿지 못한 진실은 또 무엇일까.",,4,단서 없음,,,역사·사회 해석,https://www.lottecinema.co.kr/NLCHS/Movie/MovieDetailView?movie=24623,2026-10-02T11:14:37.975497+09:00,24623_expanded.json
24623-011,2,24623,암살자(들),2026-10-02 10:12,"1970년대로 돌아간한 느낌을 잘 살려서, 그 시대를 잘 재현해주었다. 시작부터 끝까지 긴장감 넘치는 전개로 2시간이 넘는 영화가 너무도 짧게 느껴졌다. 서울의 봄 못지 않은 대작이라 생각한다.",,6,단서 없음,,,서사·연출|몰입·속도|역사·사회 해석,https://www.lottecinema.co.kr/NLCHS/Movie/MovieDetailView?movie=24623,2026-10-02T11:14:37.975497+09:00,24623_expanded.json
24623-012,2,24623,암살자(들),2026-10-02 10:05,"긴장감 있는 전개. 유명 배우들이 많이 등장해 보는 재미도 있다. 절대적인 악인을 내세우거나 배후를 구체적으로 지목하지 않는다. 사건을 따라가다 보면, 사건 자체보다 이를 쫓는 사람들과 그들이 살아가는 시대를 바라보게 된다",,4,단서 없음,,,연기·배우|서사·연출|몰입·속도|역사·사회 해석,https://www.lottecinema.co.kr/NLCHS/Movie/MovieDetailView?movie=24623,2026-10-02T11:14:37.975497+09:00,24623_expanded.json
24623-013,2,24623,암살자(들),2026-10-02 09:54,실화를 바탕으로 여러 배우들이 출연해 보는 재미,,2,단서 없음,,,연기·배우,https://www.lottecinema.co.kr/NLCHS/Movie/MovieDetailView?movie=24623,2026-10-02T11:14:37.975497+09:00,24623_expanded.json
24623-014,2,24623,암살자(들),2026-10-02 09:50,주연급들이 대단해서 연기 조아요,,2,단서 없음,,,연기·배우,https://www.lottecinema.co.kr/NLCHS/Movie/MovieDetailView?movie=24623,2026-10-02T11:14:37.975497+09:00,24623_expanded.json
24623-015,2,24623,암살자(들),2026-10-02 09:44,추석연휴때 연기자들만 보고 갔다가 중간에 나올뻔 했던 영화.,,1,단서 없음,,,연기·배우,https://www.lottecinema.co.kr/NLCHS/Movie/MovieDetailView?movie=24623,2026-10-02T11:14:37.975497+09:00,24623_expanded.json
24623-016,2,24623,암살자(들),2026-10-02 09:37,꼬꼬무 Pd수첩을 먼저 접한후 보러갔어요 방송에서는 제기된 의혹이 크게 문제가 되지 않았는데 영화.배우들의 영향력이 커 난리를 치는거 같습니다 영화는 지루하지 않고 생각하면서 볼수 있게 만들었어요 잠잠해지면 다시 평가되겠징,,4,단서 없음,,,연기·배우|몰입·속도,https://www.lottecinema.co.kr/NLCHS/Movie/MovieDetailView?movie=24623,2026-10-02T11:14:37.975497+09:00,24623_expanded.json
24623-017,2,24623,암살자(들),2026-10-02 09:31,흥미진진하네요 볼만해요,,2,긍정 단서,볼만|흥미,,,https://www.lottecinema.co.kr/NLCHS/Movie/MovieDetailView?movie=24623,2026-10-02T11:14:37.975497+09:00,24623_expanded.json
24623-018,2,24623,암살자(들),2026-10-02 09:20,재미가 없는건 아닌데 논란이 있을만한 위험한 영화,,1,단서 없음,,,역사·사회 해석,https://www.lottecinema.co.kr/NLCHS/Movie/MovieDetailView?movie=24623,2026-10-02T11:14:37.975497+09:00,24623_expanded.json
24623-019,2,24623,암살자(들),2026-10-02 09:13,이건. 영화같지 않고 선동물 같다 어느 예능에서 홍보 하길라 봣더니 뭐 이런게 다 있나 싶었다 내가 스므살때 일이라 기억이 생생한데 어떤놈이 쓴 신나락 깡석는 소린지 나뭔참,,12,부정 단서,,선동물,,https://www.lottecinema.co.kr/NLCHS/Movie/MovieDetailView?movie=24623,2026-10-02T11:14:37.975497+09:00,24623_expanded.json
24623-020,2,24623,암살자(들),2026-10-02 08:58,연기 좋고 재미있게 봤어용 이민호 연기 오,,1,긍정 단서,재미있|재미있게|좋고,,연기·배우,https://www.lottecinema.co.kr/NLCHS/Movie/MovieDetailView?movie=24623,2026-10-02T11:14:37.975497+09:00,24623_expanded.json
24623-021,2,24623,암살자(들),2026-10-02 08:56,개봉날봤는대 논란될꺼같더니 역시나..,,10,단서 없음,,,역사·사회 해석,https://www.lottecinema.co.kr/NLCHS/Movie/MovieDetailView?movie=24623,2026-10-02T11:14:37.975497+09:00,24623_expanded.json
24623-022,2,24623,암살자(들),2026-10-02 08:52,정말 재밌게 잘 봤습니다. 잘 만든 작품입니다.,,3,긍정 단서,잘 봤|재밌,,,https://www.lottecinema.co.kr/NLCHS/Movie/MovieDetailView?movie=24623,2026-10-02T11:14:37.975497+09:00,24623_expanded.json
24623-023,2,24623,암살자(들),2026-10-02 08:38,논란있다길래 망설이다 봤는데 망설일필요 없는 잘만든영화였다~배우들 연기도 흠잡을데없었고 늘어지는 부분없이 마지막까지 흥미로웠음.추천!!,,6,긍정 단서,추천|흥미,,연기·배우|역사·사회 해석|재관람·추천 의향,https://www.lottecinema.co.kr/NLCHS/Movie/MovieDetailView?movie=24623,2026-10-02T11:14:37.975497+09:00,24623_expanded.json
24623-024,2,24623,암살자(들),2026-10-02 08:35,소문만 이상 하지 우리나라 국민으로써 꼭 보셔야 할거 같아요 저는 최고 였습니다,,5,긍정 단서,최고,,재관람·추천 의향,https://www.lottecinema.co.kr/NLCHS/Movie/MovieDetailView?movie=24623,2026-10-02T11:14:37.975497+09:00,24623_expanded.json
24623-025,2,24623,암살자(들),2026-10-02 08:23,재미있게 잘 봤습니다.,,6,긍정 단서,잘 봤|재미있|재미있게,,,https://www.lottecinema.co.kr/NLCHS/Movie/MovieDetailView?movie=24623,2026-10-02T11:14:37.975497+09:00,24623_expanded.json
24623-026,2,24623,암살자(들),2026-10-02 08:09,"중간 중간 유명한 사람들이 까메오 같은 단역으로 나와 몰입이 좀 깨지긴 했지만, 시종일관 긴장감과 박진감 있게 만든 완성도 높은 괜찮은 영화 입니다.",,3,단서 없음,,,몰입·속도,https://www.lottecinema.co.kr/NLCHS/Movie/MovieDetailView?movie=24623,2026-10-02T11:14:37.975497+09:00,24623_expanded.json
24623-027,2,24623,암살자(들),2026-10-02 08:01,생각보다 볼만했어요.,,2,긍정 단서,볼만,,,https://www.lottecinema.co.kr/NLCHS/Movie/MovieDetailView?movie=24623,2026-10-02T11:14:37.975497+09:00,24623_expanded.json
24623-028,2,24623,암살자(들),2026-10-02 07:51,대체 이게 왜 논란거리지?,,12,단서 없음,,,역사·사회 해석,https://www.lottecinema.co.kr/NLCHS/Movie/MovieDetailView?movie=24623,2026-10-02T11:14:37.975497+09:00,24623_expanded.json
24623-029,2,24623,암살자(들),2026-10-02 07:49,펙트 굿 의심 투정,,2,긍정 단서,굿,,,https://www.lottecinema.co.kr/NLCHS/Movie/MovieDetailView?movie=24623,2026-10-02T11:14:37.975497+09:00,24623_expanded.json
24623-030,2,24623,암살자(들),2026-10-02 07:38,역사 공부없이 상상만 하면 이런 영화가 나오지..상상과 마지막 문구 몇 줄로 역사를 날조하는 진실 왜곡된 소설.영화만든 투자자가 중국 기업이라고. 곧 한국도 중국 후손이라는 영화도 나오겠네,,19,부정 단서,,날조|왜곡,역사·사회 해석,https://www.lottecinema.co.kr/NLCHS/Movie/MovieDetailView?movie=24623,2026-10-02T11:14:37.975497+09:00,24623_expanded.json
24623-031,2,24623,암살자(들),2026-10-02 07:33,이슈되어서 봤는디 안볼껄,,11,부정 단서,,안볼,,https://www.lottecinema.co.kr/NLCHS/Movie/MovieDetailView?movie=24623,2026-10-02T11:14:37.975497+09:00,24623_expanded.json
24623-032,2,24623,암살자(들),2026-10-02 07:19,70년대.. 저랬구나.. 사실에 기반한 그 사건은 그렇다치고.. 언론의자유와 국민들의 자유 .. 지금은 살기좋은 시대인걸 새삼 감사하며.. 영화 잘 봤습니다.,,6,긍정 단서,잘 봤|좋은,,역사·사회 해석,https://www.lottecinema.co.kr/NLCHS/Movie/MovieDetailView?movie=24623,2026-10-02T11:14:37.975497+09:00,24623_expanded.json
24623-033,2,24623,암살자(들),2026-10-02 07:18,마음이 먹먹해지네요.,,3,단서 없음,,,,https://www.lottecinema.co.kr/NLCHS/Movie/MovieDetailView?movie=24623,2026-10-02T11:14:37.975497+09:00,24623_expanded.json
24623-034,2,24623,암살자(들),2026-10-02 06:38,난 최고점 줘야지!!!,,7,긍정 단서,최고,,,https://www.lottecinema.co.kr/NLCHS/Movie/MovieDetailView?movie=24623,2026-10-02T11:14:37.975497+09:00,24623_expanded.json
24623-035,2,24623,암살자(들),2026-10-02 05:08,한국판 JFK,,4,단서 없음,,,,https://www.lottecinema.co.kr/NLCHS/Movie/MovieDetailView?movie=24623,2026-10-02T11:14:37.975497+09:00,24623_expanded.json
24623-036,2,24623,암살자(들),2026-10-02 05:00,암살자들 볼만하네요.,,3,긍정 단서,볼만,,,https://www.lottecinema.co.kr/NLCHS/Movie/MovieDetailView?movie=24623,2026-10-02T11:14:37.975497+09:00,24623_expanded.json
24623-037,2,24623,암살자(들),2026-10-02 04:00,긴박하게 흘러가는 영화라 긴장감 있게 잘 봤어용~^^ 박해일 어릴때나 지금이나 멋있네요 최고최고~^^,,6,긍정 단서,잘 봤|최고,,몰입·속도,https://www.lottecinema.co.kr/NLCHS/Movie/MovieDetailView?movie=24623,2026-10-02T11:14:37.975497+09:00,24623_expanded.json
24623-038,2,24623,암살자(들),2026-10-02 03:35,볼만했어여~~~!!!!,,2,긍정 단서,볼만,,,https://www.lottecinema.co.kr/NLCHS/Movie/MovieDetailView?movie=24623,2026-10-02T11:14:37.975497+09:00,24623_expanded.json
24623-039,2,24623,암살자(들),2026-10-02 02:36,표현의 자유라는 이유로 역사를 왜곡한 아주 봐서는 안되는 불쾌한 최악의 영화였다. 보는내내 화가 치밀고 돈이 아까웠다.,,27,부정 단서,,불쾌|아까|왜곡|최악,역사·사회 해석,https://www.lottecinema.co.kr/NLCHS/Movie/MovieDetailView?movie=24623,2026-10-02T11:14:37.975497+09:00,24623_expanded.json
24623-040,2,24623,암살자(들),2026-10-02 02:14,몰입감 있는 스토리와 배우들의 명연기에 130분이 금방 지나가네요. 추천합니다.,,8,긍정 단서,명연기|몰입감|추천,,연기·배우|서사·연출|몰입·속도|재관람·추천 의향,https://www.lottecinema.co.kr/NLCHS/Movie/MovieDetailView?movie=24623,2026-10-02T11:14:37.975497+09:00,24623_expanded.json
24623-041,2,24623,암살자(들),2026-10-02 01:53,사실에 기반한 정말 잘만든 영화입니다. 연출력 연기력 스토리가 영화끝날때까지 몰입감있게 보았습니다. 여자에 성도착증으로 추측되는 자가 부인과 불화가 심하니 정국타계를 위해 1석2조로 제거한거로 보이네요.,,4,긍정 단서,몰입감,,연기·배우|서사·연출|몰입·속도,https://www.lottecinema.co.kr/NLCHS/Movie/MovieDetailView?movie=24623,2026-10-02T11:14:37.975497+09:00,24623_expanded.json
24623-042,2,24623,암살자(들),2026-10-02 01:34,언론자유수호 기자란 무엇인가,,5,단서 없음,,,역사·사회 해석,https://www.lottecinema.co.kr/NLCHS/Movie/MovieDetailView?movie=24623,2026-10-02T11:14:37.975497+09:00,24623_expanded.json
24623-043,2,24623,암살자(들),2026-10-02 01:28,영화는 영화로 봅시다. 아주 흥미롭게 잘 봤습니다.,,8,긍정 단서,잘 봤|흥미,,,https://www.lottecinema.co.kr/NLCHS/Movie/MovieDetailView?movie=24623,2026-10-02T11:14:37.975497+09:00,24623_expanded.json
24623-044,2,24623,암살자(들),2026-10-02 01:26,꼭 꼭 관람하길 추천합니다 ~ 보고 또 봐도 재미있어요 ~~,,7,긍정 단서,재미있|추천,,재관람·추천 의향,https://www.lottecinema.co.kr/NLCHS/Movie/MovieDetailView?movie=24623,2026-10-02T11:14:37.975497+09:00,24623_expanded.json
24623-045,2,24623,암살자(들),2026-10-02 01:08,관람평 개박살이 났군요. 명확한 역사 왜곡 영화인데 사실과 거짓을 오묘하게 섞은 최악의 영화인듯 합니다.,,26,부정 단서,,왜곡|최악,역사·사회 해석,https://www.lottecinema.co.kr/NLCHS/Movie/MovieDetailView?movie=24623,2026-10-02T11:14:37.975497+09:00,24623_expanded.json
24724-001,3,24724,부활남: 더 레드,2026-10-02 11:08,즐겁게 잘 보고왔어요,,0,긍정 단서,즐겁,,,https://www.lottecinema.co.kr/NLCHS/Movie/MovieDetailView?movie=24724,2026-10-02T11:14:57.520067+09:00,24724_expanded.json
24724-002,3,24724,부활남: 더 레드,2026-10-02 10:58,웹툰으로는 어떤지 모르겠는데 영화로는 딱히…영화 마녀의 아류작같은 느낌.우리나라 설정엔 안맞음. 말그대로 킬링타임용,,0,부정 단서,,안맞,원작·시리즈 비교,https://www.lottecinema.co.kr/NLCHS/Movie/MovieDetailView?movie=24724,2026-10-02T11:14:57.520067+09:00,24724_expanded.json
24724-003,3,24724,부활남: 더 레드,2026-10-02 10:55,즐거운 관람이었습니다.,,0,긍정 단서,즐거,,,https://www.lottecinema.co.kr/NLCHS/Movie/MovieDetailView?movie=24724,2026-10-02T11:14:57.520067+09:00,24724_expanded.json
24724-004,3,24724,부활남: 더 레드,2026-10-02 10:55,즐거운 관람이었습니다.,,0,긍정 단서,즐거,,,https://www.lottecinema.co.kr/NLCHS/Movie/MovieDetailView?movie=24724,2026-10-02T11:14:57.520067+09:00,24724_expanded.json
24724-005,3,24724,부활남: 더 레드,2026-10-02 10:12,만화 같은 팝콘 무비,,0,단서 없음,,,,https://www.lottecinema.co.kr/NLCHS/Movie/MovieDetailView?movie=24724,2026-10-02T11:14:57.520067+09:00,24724_expanded.json
24724-006,3,24724,부활남: 더 레드,2026-10-02 10:06,영화 재미있게 잘 봤어요,,0,긍정 단서,잘 봤|재미있|재미있게,,,https://www.lottecinema.co.kr/NLCHS/Movie/MovieDetailView?movie=24724,2026-10-02T11:14:57.520067+09:00,24724_expanded.json
24724-007,3,24724,부활남: 더 레드,2026-10-02 09:51,그냥 킬링 타임용.,,0,단서 없음,,,,https://www.lottecinema.co.kr/NLCHS/Movie/MovieDetailView?movie=24724,2026-10-02T11:14:57.520067+09:00,24724_expanded.json
24724-008,3,24724,부활남: 더 레드,2026-10-02 09:24,걍 시간때우기 딱 좋은 영화 이제는 흔해진 설정 조잡한 CG는 정말 최악....,,0,혼합 단서,좋은,조잡|최악,영상·음향·기기,https://www.lottecinema.co.kr/NLCHS/Movie/MovieDetailView?movie=24724,2026-10-02T11:14:57.520067+09:00,24724_expanded.json
24724-009,3,24724,부활남: 더 레드,2026-10-02 09:14,"스토리흐름도 빠르고 지루하지 않게끔 중간에 코믹이 들어가서 너무 좋았어요! 구교환 배우의 코믹연기도 좋았고, 신승호 배우의 중압감이 느껴지는 연기도 너무 좋았습니다. 나중에 또 보고싶은 영화여서 연휴에 또 볼겁니다 :)",,0,긍정 단서,좋았,,연기·배우|서사·연출|몰입·속도|재관람·추천 의향,https://www.lottecinema.co.kr/NLCHS/Movie/MovieDetailView?movie=24724,2026-10-02T11:14:57.520067+09:00,24724_expanded.json
24724-010,3,24724,부활남: 더 레드,2026-10-02 08:54,시간순삭 ! 속도감 장난아님. 남편과 한번 딸래미와 또한번 .. 두번 봐도 볼만했다. 중저음의 블랙캐릭터 신승호 멋있었고 블루 김유정이 나오는 시즌2도 살짝 기대 ??,,2,긍정 단서,볼만,,연기·배우|서사·연출|몰입·속도|재관람·추천 의향,https://www.lottecinema.co.kr/NLCHS/Movie/MovieDetailView?movie=24724,2026-10-02T11:14:57.520067+09:00,24724_expanded.json
24724-011,3,24724,부활남: 더 레드,2026-10-02 08:45,부활남 :더레드 구교환 주변에 초능력 생긴다면좋겠다 조금만 기다려 영화입장한다,,1,단서 없음,,,연기·배우,https://www.lottecinema.co.kr/NLCHS/Movie/MovieDetailView?movie=24724,2026-10-02T11:14:57.520067+09:00,24724_expanded.json
24724-012,3,24724,부활남: 더 레드,2026-10-02 08:05,CG랑 배우가 겹쳐 몇개 영화가 섞인 느낌이다만 그래도 신선하고 나름 재밌어요,,0,긍정 단서,재밌,,연기·배우|영상·음향·기기,https://www.lottecinema.co.kr/NLCHS/Movie/MovieDetailView?movie=24724,2026-10-02T11:14:57.520067+09:00,24724_expanded.json
24724-013,3,24724,부활남: 더 레드,2026-10-02 07:56,개연성이 부족함 근데 복잡한거보다 킬링타임용으로 재미씀!!,,0,혼합 단서,재미씀,부족,서사·연출,https://www.lottecinema.co.kr/NLCHS/Movie/MovieDetailView?movie=24724,2026-10-02T11:14:57.520067+09:00,24724_expanded.json
24724-014,3,24724,부활남: 더 레드,2026-10-02 07:43,영화 잘봤습니다...,,0,긍정 단서,잘봤,,,https://www.lottecinema.co.kr/NLCHS/Movie/MovieDetailView?movie=24724,2026-10-02T11:14:57.520067+09:00,24724_expanded.json
24724-015,3,24724,부활남: 더 레드,2026-10-02 07:28,별로. 시간 아까웟다. 돈도 아까웟다. ㅠㅠ,,0,부정 단서,,별로|아까,,https://www.lottecinema.co.kr/NLCHS/Movie/MovieDetailView?movie=24724,2026-10-02T11:14:57.520067+09:00,24724_expanded.json
24724-016,3,24724,부활남: 더 레드,2026-10-02 07:20,원작과 차이가 많네요 가볍게 볼 정도,,0,단서 없음,,,원작·시리즈 비교,https://www.lottecinema.co.kr/NLCHS/Movie/MovieDetailView?movie=24724,2026-10-02T11:14:57.520067+09:00,24724_expanded.json
24724-017,3,24724,부활남: 더 레드,2026-10-02 05:09,유쾌 통쾌하지만 너무 진하게 뭍어나는 <마녀>의 설정과 CG의 어색함,,1,혼합 단서,통쾌,어색,영상·음향·기기|원작·시리즈 비교,https://www.lottecinema.co.kr/NLCHS/Movie/MovieDetailView?movie=24724,2026-10-02T11:14:57.520067+09:00,24724_expanded.json
24724-018,3,24724,부활남: 더 레드,2026-10-02 05:00,부활남 재미있어요.시간 후딱 지나가네요,,0,긍정 단서,재미있,,몰입·속도,https://www.lottecinema.co.kr/NLCHS/Movie/MovieDetailView?movie=24724,2026-10-02T11:14:57.520067+09:00,24724_expanded.json
24724-019,3,24724,부활남: 더 레드,2026-10-02 04:29,주인공 캐릭터가 좋았다. 주위 캐릭터도 좋았다. 액션도 나쁘지 않았다.,,0,긍정 단서,좋았,,서사·연출,https://www.lottecinema.co.kr/NLCHS/Movie/MovieDetailView?movie=24724,2026-10-02T11:14:57.520067+09:00,24724_expanded.json
24724-020,3,24724,부활남: 더 레드,2026-10-02 04:00,재미있게 잘 봤습니다,,1,긍정 단서,잘 봤|재미있|재미있게,,,https://www.lottecinema.co.kr/NLCHS/Movie/MovieDetailView?movie=24724,2026-10-02T11:14:57.520067+09:00,24724_expanded.json
24724-021,3,24724,부활남: 더 레드,2026-10-02 03:02,"배우들의 연기와 개인기, 만화 같은 액션이 재밌네요.",,0,긍정 단서,재밌,,연기·배우,https://www.lottecinema.co.kr/NLCHS/Movie/MovieDetailView?movie=24724,2026-10-02T11:14:57.520067+09:00,24724_expanded.json
24724-022,3,24724,부활남: 더 레드,2026-10-02 02:45,초능력물은 전에 High Five 에서 본 적이 있어서 새롭지는 않은데다 시냅스를 활용하는 건 또 마치 좀비물 처럼도 느껴지고 무엇보다 신승호가 자신을 만든 보스를 죽일때 AI에 대한 경고를 하는 시대에 앞날을 보는듯 섬짓하다.,,0,단서 없음,,,연기·배우|역사·사회 해석,https://www.lottecinema.co.kr/NLCHS/Movie/MovieDetailView?movie=24724,2026-10-02T11:14:57.520067+09:00,24724_expanded.json
24724-023,3,24724,부활남: 더 레드,2026-10-02 02:36,"영화 ""마녀""가 생각나는 연출..구교환의 캐릭터가 너무 잘맞아 떨어져서 재미있게 봤습니다. 신림 ""광음관""에서 처음 봤는데 너무 잘 어울렸네요 ㅎㅎ CG부분이 좀 구린부분들만 빼면 속도감도 좋고 좋았어요",,0,혼합 단서,재미있|재미있게|좋고|좋았,구린|떨어져서,연기·배우|서사·연출|몰입·속도|영상·음향·기기|원작·시리즈 비교,https://www.lottecinema.co.kr/NLCHS/Movie/MovieDetailView?movie=24724,2026-10-02T11:14:57.520067+09:00,24724_expanded.json
24724-024,3,24724,부활남: 더 레드,2026-10-02 02:16,영화 잘 봤습니다~ㅎㅎ,,0,긍정 단서,잘 봤,,,https://www.lottecinema.co.kr/NLCHS/Movie/MovieDetailView?movie=24724,2026-10-02T11:14:57.520067+09:00,24724_expanded.json
24724-025,3,24724,부활남: 더 레드,2026-10-02 02:05,창고영화라 별 기대 안했는데 재미있네요,,0,긍정 단서,재미있,,,https://www.lottecinema.co.kr/NLCHS/Movie/MovieDetailView?movie=24724,2026-10-02T11:14:57.520067+09:00,24724_expanded.json
24724-026,3,24724,부활남: 더 레드,2026-10-02 01:57,"액션 굿, 구교환 굿",,1,긍정 단서,굿,,연기·배우,https://www.lottecinema.co.kr/NLCHS/Movie/MovieDetailView?movie=24724,2026-10-02T11:14:57.520067+09:00,24724_expanded.json
24724-027,3,24724,부활남: 더 레드,2026-10-02 01:27,광음시네마 스릴있어요 ~ 강 추 ~,,0,단서 없음,,,영상·음향·기기,https://www.lottecinema.co.kr/NLCHS/Movie/MovieDetailView?movie=24724,2026-10-02T11:14:57.520067+09:00,24724_expanded.json
24724-028,3,24724,부활남: 더 레드,2026-10-02 01:22,구교환 배우님 성격이랑 캐릭터랑 잘 맞아서 재밌게 봤습니다ㅎㅎ,,1,긍정 단서,재밌,,연기·배우|서사·연출,https://www.lottecinema.co.kr/NLCHS/Movie/MovieDetailView?movie=24724,2026-10-02T11:14:57.520067+09:00,24724_expanded.json
24724-029,3,24724,부활남: 더 레드,2026-10-02 01:11,영화 재미있게 잘 봤어요,,0,긍정 단서,잘 봤|재미있|재미있게,,,https://www.lottecinema.co.kr/NLCHS/Movie/MovieDetailView?movie=24724,2026-10-02T11:14:57.520067+09:00,24724_expanded.json
24724-030,3,24724,부활남: 더 레드,2026-10-02 01:10,"[4/10]: 72시간마다 부활하는 건 석환의 몸뚱이뿐, 이 영화의 당위성엔 부활 기회조차 없다.",,0,단서 없음,,,,https://www.lottecinema.co.kr/NLCHS/Movie/MovieDetailView?movie=24724,2026-10-02T11:14:57.520067+09:00,24724_expanded.json
24724-031,3,24724,부활남: 더 레드,2026-10-02 00:34,Cg가 아쉽긴했는데 전 재밌게 봤어요,,0,혼합 단서,재밌,아쉽,영상·음향·기기,https://www.lottecinema.co.kr/NLCHS/Movie/MovieDetailView?movie=24724,2026-10-02T11:14:57.520067+09:00,24724_expanded.json
24724-032,3,24724,부활남: 더 레드,2026-10-02 00:26,구교환 이거 왜 했지,,1,단서 없음,,,연기·배우,https://www.lottecinema.co.kr/NLCHS/Movie/MovieDetailView?movie=24724,2026-10-02T11:14:57.520067+09:00,24724_expanded.json
24724-033,3,24724,부활남: 더 레드,2026-10-02 00:13,부활남: 더 레드,짧거나 제목만 있는 리뷰,0,단서 없음,,,,https://www.lottecinema.co.kr/NLCHS/Movie/MovieDetailView?movie=24724,2026-10-02T11:14:57.520067+09:00,24724_expanded.json
24724-034,3,24724,부활남: 더 레드,2026-10-02 00:08,역시 구교환~~~~^^^,,0,단서 없음,,,연기·배우,https://www.lottecinema.co.kr/NLCHS/Movie/MovieDetailView?movie=24724,2026-10-02T11:14:57.520067+09:00,24724_expanded.json
24724-035,3,24724,부활남: 더 레드,2026-10-02 00:08,전체적인 연출과 스토리가 좋았고 추천하고 싶은 영화였습니다♡,,0,긍정 단서,좋았|추천,,서사·연출|재관람·추천 의향,https://www.lottecinema.co.kr/NLCHS/Movie/MovieDetailView?movie=24724,2026-10-02T11:14:57.520067+09:00,24724_expanded.json
24724-036,3,24724,부활남: 더 레드,2026-10-02 00:04,CG도 스토리도 엉성한 편이지만 B급 감성으로 기세로 밀고 나가는 영화,,0,부정 단서,,엉성,서사·연출|영상·음향·기기,https://www.lottecinema.co.kr/NLCHS/Movie/MovieDetailView?movie=24724,2026-10-02T11:14:57.520067+09:00,24724_expanded.json
24724-037,3,24724,부활남: 더 레드,2026-10-01 23:59,미안… 너무 재미가 없다 하지만 별점은 5점 줄께,,1,부정 단서,,재미가 없,,https://www.lottecinema.co.kr/NLCHS/Movie/MovieDetailView?movie=24724,2026-10-02T11:14:57.520067+09:00,24724_expanded.json
24724-038,3,24724,부활남: 더 레드,2026-10-01 23:53,굿,짧거나 제목만 있는 리뷰,0,긍정 단서,굿,,,https://www.lottecinema.co.kr/NLCHS/Movie/MovieDetailView?movie=24724,2026-10-02T11:14:57.520067+09:00,24724_expanded.json
24724-039,3,24724,부활남: 더 레드,2026-10-01 23:46,은근 재밌어서 무난하게 봤네요~,,0,긍정 단서,재밌,,,https://www.lottecinema.co.kr/NLCHS/Movie/MovieDetailView?movie=24724,2026-10-02T11:14:57.520067+09:00,24724_expanded.json
24724-040,3,24724,부활남: 더 레드,2026-10-01 23:44,"강기영이 다 살리고 구교환이 두번째로 살린 영화 기대를 많이 하지도 않았는데 내용이 탄탄하지가 않다ㅠ90%가 AI라 더 와장창,,휴,옆에서 계속 핸드폰 보는 여자애가 있었는데 그만큼 몰입하고 싶지도 않아서 걍 냅둠,,배우들은최고임",,0,긍정 단서,최고,,연기·배우|서사·연출|몰입·속도|극장 서비스·매너|재관람·추천 의향,https://www.lottecinema.co.kr/NLCHS/Movie/MovieDetailView?movie=24724,2026-10-02T11:14:57.520067+09:00,24724_expanded.json
24724-041,3,24724,부활남: 더 레드,2026-10-01 23:35,그냥 시간 잘보냈습니다,,0,단서 없음,,,,https://www.lottecinema.co.kr/NLCHS/Movie/MovieDetailView?movie=24724,2026-10-02T11:14:57.520067+09:00,24724_expanded.json
24724-042,3,24724,부활남: 더 레드,2026-10-01 23:34,아. 마녀보다 더 재미가 없다니..,,2,부정 단서,,재미가 없,원작·시리즈 비교,https://www.lottecinema.co.kr/NLCHS/Movie/MovieDetailView?movie=24724,2026-10-02T11:14:57.520067+09:00,24724_expanded.json
24724-043,3,24724,부활남: 더 레드,2026-10-01 22:55,"최악임 개연성은 하지만 액션은 개인 적 호프보다 좋아서 4,2",,1,혼합 단서,좋아,최악,서사·연출,https://www.lottecinema.co.kr/NLCHS/Movie/MovieDetailView?movie=24724,2026-10-02T11:14:57.520067+09:00,24724_expanded.json
24724-044,3,24724,부활남: 더 레드,2026-10-01 22:45,다시 보고 싶은 영화네여~,,0,단서 없음,,,재관람·추천 의향,https://www.lottecinema.co.kr/NLCHS/Movie/MovieDetailView?movie=24724,2026-10-02T11:14:57.520067+09:00,24724_expanded.json
24724-045,3,24724,부활남: 더 레드,2026-10-01 22:42,구교환 원맨쇼,,0,단서 없음,,,연기·배우,https://www.lottecinema.co.kr/NLCHS/Movie/MovieDetailView?movie=24724,2026-10-02T11:14:57.520067+09:00,24724_expanded.json
24724-046,3,24724,부활남: 더 레드,2026-10-01 22:42,액션물 짜릿한 속도감과 애니메이션을 합쳐논 영화. 시간이 순삭으로 재미지다,,0,긍정 단서,재미지|짜릿,,몰입·속도,https://www.lottecinema.co.kr/NLCHS/Movie/MovieDetailView?movie=24724,2026-10-02T11:14:57.520067+09:00,24724_expanded.json
24724-047,3,24724,부활남: 더 레드,2026-10-01 22:39,Ai 같은 후반부 타격감 없는 액션 퍼레이드가 오히려 심드렁하게 만든다,,2,부정 단서,,심드렁,,https://www.lottecinema.co.kr/NLCHS/Movie/MovieDetailView?movie=24724,2026-10-02T11:14:57.520067+09:00,24724_expanded.json
24724-048,3,24724,부활남: 더 레드,2026-10-01 22:37,꿀잼이요~~!!구교환 연기 좋네요,,0,긍정 단서,꿀잼|좋네,,연기·배우,https://www.lottecinema.co.kr/NLCHS/Movie/MovieDetailView?movie=24724,2026-10-02T11:14:57.520067+09:00,24724_expanded.json
24724-049,3,24724,부활남: 더 레드,2026-10-01 22:32,완전 잼있게 봤어요~~,,1,긍정 단서,잼있,,,https://www.lottecinema.co.kr/NLCHS/Movie/MovieDetailView?movie=24724,2026-10-02T11:14:57.520067+09:00,24724_expanded.json
24724-050,3,24724,부활남: 더 레드,2026-10-01 22:25,부활남: 더 레드,짧거나 제목만 있는 리뷰,0,단서 없음,,,,https://www.lottecinema.co.kr/NLCHS/Movie/MovieDetailView?movie=24724,2026-10-02T11:14:57.520067+09:00,24724_expanded.json
24724-051,3,24724,부활남: 더 레드,2026-10-01 22:21,스토리가 별로면 눈이라도 즐거워야 되는데 10년전 영환줄,,1,혼합 단서,즐거,별로,서사·연출,https://www.lottecinema.co.kr/NLCHS/Movie/MovieDetailView?movie=24724,2026-10-02T11:14:57.520067+09:00,24724_expanded.json
24724-052,3,24724,부활남: 더 레드,2026-10-01 22:19,광음시네마에서 소리로 스트레스 해소를~ 오락영화로.. 굿!! 신승호 배우님 헐리우드에서 악역해도 좋을듯~~,,0,긍정 단서,굿,,연기·배우|영상·음향·기기,https://www.lottecinema.co.kr/NLCHS/Movie/MovieDetailView?movie=24724,2026-10-02T11:14:57.520067+09:00,24724_expanded.json
24724-053,3,24724,부활남: 더 레드,2026-10-01 22:18,완전 짜릿 액션 최고,,1,긍정 단서,짜릿|최고,,,https://www.lottecinema.co.kr/NLCHS/Movie/MovieDetailView?movie=24724,2026-10-02T11:14:57.520067+09:00,24724_expanded.json
24724-054,3,24724,부활남: 더 레드,2026-10-01 22:06,CG가 너무 아쉽다,,0,부정 단서,,아쉽,영상·음향·기기,https://www.lottecinema.co.kr/NLCHS/Movie/MovieDetailView?movie=24724,2026-10-02T11:14:57.520067+09:00,24724_expanded.json
24724-055,3,24724,부활남: 더 레드,2026-10-01 22:04,CG가 너무 심함 몰입도도 그다지,,0,단서 없음,,,몰입·속도|영상·음향·기기,https://www.lottecinema.co.kr/NLCHS/Movie/MovieDetailView?movie=24724,2026-10-02T11:14:57.520067+09:00,24724_expanded.json
24724-056,3,24724,부활남: 더 레드,2026-10-01 21:58,뭐...그냥 저냥 나쁘지도 그렇다고 좋지도 않아요,,0,단서 없음,,,,https://www.lottecinema.co.kr/NLCHS/Movie/MovieDetailView?movie=24724,2026-10-02T11:14:57.520067+09:00,24724_expanded.json
24724-057,3,24724,부활남: 더 레드,2026-10-01 21:53,"큰 기대없이 봐서인가, 이정도면 괜춘~ 원작은 웹툰을 안봐서 모르겠고, 더러 흐름이 갖다붙인것마냥 어색한 부분이 있기도 했지만, 전체적으로 웃고 즐기기 딱!!",,0,부정 단서,,더러|어색,영상·음향·기기|원작·시리즈 비교,https://www.lottecinema.co.kr/NLCHS/Movie/MovieDetailView?movie=24724,2026-10-02T11:14:57.520067+09:00,24724_expanded.json
24724-058,3,24724,부활남: 더 레드,2026-10-01 21:49,아주 아주 아주 재미있어요,,1,긍정 단서,재미있,,,https://www.lottecinema.co.kr/NLCHS/Movie/MovieDetailView?movie=24724,2026-10-02T11:14:57.520067+09:00,24724_expanded.json
24724-059,3,24724,부활남: 더 레드,2026-10-01 21:46,구교환식 유모코드 넘 잼나요~^^ 시간순삭이네요~,,0,긍정 단서,잼나,,연기·배우|몰입·속도,https://www.lottecinema.co.kr/NLCHS/Movie/MovieDetailView?movie=24724,2026-10-02T11:14:57.520067+09:00,24724_expanded.json
24724-060,3,24724,부활남: 더 레드,2026-10-01 21:39,구교환의 짜릿한 액션 판타지,,1,긍정 단서,짜릿,,연기·배우,https://www.lottecinema.co.kr/NLCHS/Movie/MovieDetailView?movie=24724,2026-10-02T11:14:57.520067+09:00,24724_expanded.json
24654-001,4,24654,타짜: 벨제붑의 노래,2026-10-02 11:00,배우들의 연기는 좋았구 재미있게봤지만 포카에 대한 상식이 없어서 다소 그부분이 지루하게 느껴질수도 있는..,,0,혼합 단서,재미있|재미있게|좋았,지루,연기·배우|몰입·속도,https://www.lottecinema.co.kr/NLCHS/Movie/MovieDetailView?movie=24654,2026-10-02T11:14:59.089730+09:00,24654_expanded.json
24654-002,4,24654,타짜: 벨제붑의 노래,2026-10-02 10:52,노잼.. 연기 구멍은 없으나 올드한 감성,,0,부정 단서,,노잼|올드,연기·배우,https://www.lottecinema.co.kr/NLCHS/Movie/MovieDetailView?movie=24654,2026-10-02T11:14:59.089730+09:00,24654_expanded.json
24654-003,4,24654,타짜: 벨제붑의 노래,2026-10-02 09:54,타짜 1편과 비슷한 느낌이었어요,,0,단서 없음,,,원작·시리즈 비교,https://www.lottecinema.co.kr/NLCHS/Movie/MovieDetailView?movie=24654,2026-10-02T11:14:59.089730+09:00,24654_expanded.json
24654-004,4,24654,타짜: 벨제붑의 노래,2026-10-02 09:48,포커 알고가면 더 잼나겟네여,,0,긍정 단서,잼나,,,https://www.lottecinema.co.kr/NLCHS/Movie/MovieDetailView?movie=24654,2026-10-02T11:14:59.089730+09:00,24654_expanded.json
24654-005,4,24654,타짜: 벨제붑의 노래,2026-10-02 09:31,재미있게 봤어요~,,0,긍정 단서,재미있|재미있게,,,https://www.lottecinema.co.kr/NLCHS/Movie/MovieDetailView?movie=24654,2026-10-02T11:14:59.089730+09:00,24654_expanded.json
24654-006,4,24654,타짜: 벨제붑의 노래,2026-10-02 09:26,시리즈중에 젤 양호하네여,,0,단서 없음,,,원작·시리즈 비교,https://www.lottecinema.co.kr/NLCHS/Movie/MovieDetailView?movie=24654,2026-10-02T11:14:59.089730+09:00,24654_expanded.json
24654-007,4,24654,타짜: 벨제붑의 노래,2026-10-02 09:25,정말 재미없다.. 근데 그걸 떠나서 요즘 관람매너가 정말 더러울 정도로 심하다. 현 국가방향처럼 중국이 되어가는듯... 인간이 아닌 것들은 집에서 나오지마라.,,2,부정 단서,,더러|재미없,극장 서비스·매너,https://www.lottecinema.co.kr/NLCHS/Movie/MovieDetailView?movie=24654,2026-10-02T11:14:59.089730+09:00,24654_expanded.json
24654-008,4,24654,타짜: 벨제붑의 노래,2026-10-02 09:25,킬링타임용으로 재밌게 봄,,0,긍정 단서,재밌,,,https://www.lottecinema.co.kr/NLCHS/Movie/MovieDetailView?movie=24654,2026-10-02T11:14:59.089730+09:00,24654_expanded.json
24654-009,4,24654,타짜: 벨제붑의 노래,2026-10-02 09:19,딱 기대했던 타짜느낌이예요,,0,단서 없음,,,,https://www.lottecinema.co.kr/NLCHS/Movie/MovieDetailView?movie=24654,2026-10-02T11:14:59.089730+09:00,24654_expanded.json
24654-010,4,24654,타짜: 벨제붑의 노래,2026-10-02 08:59,기대보다 훨씬 재미있어요! 가네코 너무 예쁨!!!!,,0,긍정 단서,재미있,,,https://www.lottecinema.co.kr/NLCHS/Movie/MovieDetailView?movie=24654,2026-10-02T11:14:59.089730+09:00,24654_expanded.json
24654-011,4,24654,타짜: 벨제붑의 노래,2026-10-02 08:40,타짜1도 넣고 싶고 오션스 느낌도 내고 싶고 밍밍한 영화.,,1,부정 단서,,밍밍,원작·시리즈 비교,https://www.lottecinema.co.kr/NLCHS/Movie/MovieDetailView?movie=24654,2026-10-02T11:14:59.089730+09:00,24654_expanded.json
24654-012,4,24654,타짜: 벨제붑의 노래,2026-10-02 07:33,재미있음 연기 다 잘함,,0,긍정 단서,재미있,,연기·배우,https://www.lottecinema.co.kr/NLCHS/Movie/MovieDetailView?movie=24654,2026-10-02T11:14:59.089730+09:00,24654_expanded.json
24654-013,4,24654,타짜: 벨제붑의 노래,2026-10-02 05:12,나름 볼만했음. 평타이상,,0,긍정 단서,볼만,,,https://www.lottecinema.co.kr/NLCHS/Movie/MovieDetailView?movie=24654,2026-10-02T11:14:59.089730+09:00,24654_expanded.json
24654-014,4,24654,타짜: 벨제붑의 노래,2026-10-02 03:35,볼만했어여~~~!!!!,,0,긍정 단서,볼만,,,https://www.lottecinema.co.kr/NLCHS/Movie/MovieDetailView?movie=24654,2026-10-02T11:14:59.089730+09:00,24654_expanded.json
24654-015,4,24654,타짜: 벨제붑의 노래,2026-10-02 02:36,"영화 자체만 본다면 그렇게 나쁘진않지만 ""타짜""란 타이틀, 어쩔수없이 1탄과 비교하게되선 기준치가 넘 높아져버린",,1,단서 없음,,,원작·시리즈 비교,https://www.lottecinema.co.kr/NLCHS/Movie/MovieDetailView?movie=24654,2026-10-02T11:14:59.089730+09:00,24654_expanded.json
24654-016,4,24654,타짜: 벨제붑의 노래,2026-10-02 02:05,액션 통쾌하고 재미있어요,,1,긍정 단서,재미있|통쾌,,,https://www.lottecinema.co.kr/NLCHS/Movie/MovieDetailView?movie=24654,2026-10-02T11:14:59.089730+09:00,24654_expanded.json
24654-017,4,24654,타짜: 벨제붑의 노래,2026-10-02 01:18,이걸 왜만든건지 그냥 타짜1이나 다시 보길...,,0,단서 없음,,,원작·시리즈 비교|재관람·추천 의향,https://www.lottecinema.co.kr/NLCHS/Movie/MovieDetailView?movie=24654,2026-10-02T11:14:59.089730+09:00,24654_expanded.json
24654-018,4,24654,타짜: 벨제붑의 노래,2026-10-02 01:07,좀 애매한데 연기는 잘해요,,0,단서 없음,,,연기·배우,https://www.lottecinema.co.kr/NLCHS/Movie/MovieDetailView?movie=24654,2026-10-02T11:14:59.089730+09:00,24654_expanded.json
24654-019,4,24654,타짜: 벨제붑의 노래,2026-10-02 01:03,연기를 너무 잘해요,,0,단서 없음,,,연기·배우,https://www.lottecinema.co.kr/NLCHS/Movie/MovieDetailView?movie=24654,2026-10-02T11:14:59.089730+09:00,24654_expanded.json
24654-020,4,24654,타짜: 벨제붑의 노래,2026-10-02 01:03,"루시퍼와 벨제붑이 빚어낸 무딘 절정을 넘어서는, 가네코와 아브라함의 존재감.",,0,단서 없음,,,,https://www.lottecinema.co.kr/NLCHS/Movie/MovieDetailView?movie=24654,2026-10-02T11:14:59.089730+09:00,24654_expanded.json
24654-021,4,24654,타짜: 벨제붑의 노래,2026-10-02 01:01,포커를 알고보면 더 재미있을 듯 해요,,0,긍정 단서,재미있,,,https://www.lottecinema.co.kr/NLCHS/Movie/MovieDetailView?movie=24654,2026-10-02T11:14:59.089730+09:00,24654_expanded.json
24654-022,4,24654,타짜: 벨제붑의 노래,2026-10-02 00:59,역시 1편이 좋아요,,0,긍정 단서,좋아|좋아요,,원작·시리즈 비교,https://www.lottecinema.co.kr/NLCHS/Movie/MovieDetailView?movie=24654,2026-10-02T11:14:59.089730+09:00,24654_expanded.json
24654-023,4,24654,타짜: 벨제붑의 노래,2026-10-02 00:55,너무나 잼있게 잘봤어요,,1,긍정 단서,잘봤|잼있,,,https://www.lottecinema.co.kr/NLCHS/Movie/MovieDetailView?movie=24654,2026-10-02T11:14:59.089730+09:00,24654_expanded.json
24654-024,4,24654,타짜: 벨제붑의 노래,2026-10-02 00:50,카드모르고 봐도 재미있음 연기구멍 없고 굿입니다,,1,긍정 단서,굿|재미있,,연기·배우,https://www.lottecinema.co.kr/NLCHS/Movie/MovieDetailView?movie=24654,2026-10-02T11:14:59.089730+09:00,24654_expanded.json
24654-025,4,24654,타짜: 벨제붑의 노래,2026-10-02 00:44,스윙스도 의외의연기력무엇?,,1,단서 없음,,,연기·배우,https://www.lottecinema.co.kr/NLCHS/Movie/MovieDetailView?movie=24654,2026-10-02T11:14:59.089730+09:00,24654_expanded.json
24654-026,4,24654,타짜: 벨제붑의 노래,2026-10-02 00:39,너무 재미씀 이번영화 다재밋냉,,0,긍정 단서,재미씀|재밋,,,https://www.lottecinema.co.kr/NLCHS/Movie/MovieDetailView?movie=24654,2026-10-02T11:14:59.089730+09:00,24654_expanded.json
24654-027,4,24654,타짜: 벨제붑의 노래,2026-10-02 00:34,"1편만 옛날에 보고 2,3편은 안봤는데 독립된 내용이라 보기 좋았어요",,1,긍정 단서,좋았,,서사·연출|원작·시리즈 비교,https://www.lottecinema.co.kr/NLCHS/Movie/MovieDetailView?movie=24654,2026-10-02T11:14:59.089730+09:00,24654_expanded.json
24654-028,4,24654,타짜: 벨제붑의 노래,2026-10-02 00:30,와우.... 꼭 보셈 암살자보다잼씀,,1,긍정 단서,잼씀,,재관람·추천 의향,https://www.lottecinema.co.kr/NLCHS/Movie/MovieDetailView?movie=24654,2026-10-02T11:14:59.089730+09:00,24654_expanded.json
24654-029,4,24654,타짜: 벨제붑의 노래,2026-10-02 00:11,타짜: 벨제붑의 노래,짧거나 제목만 있는 리뷰,0,단서 없음,,,,https://www.lottecinema.co.kr/NLCHS/Movie/MovieDetailView?movie=24654,2026-10-02T11:14:59.089730+09:00,24654_expanded.json
24654-030,4,24654,타짜: 벨제붑의 노래,2026-10-02 00:08,전체적인 연출과 스토리가 좋았고 추천하고 싶은 영화였습니다♡,,0,긍정 단서,좋았|추천,,서사·연출|재관람·추천 의향,https://www.lottecinema.co.kr/NLCHS/Movie/MovieDetailView?movie=24654,2026-10-02T11:14:59.089730+09:00,24654_expanded.json
24654-031,4,24654,타짜: 벨제붑의 노래,2026-10-02 00:04,팝콘 무비로 가볍게 보기 괜찮아요,,0,단서 없음,,,,https://www.lottecinema.co.kr/NLCHS/Movie/MovieDetailView?movie=24654,2026-10-02T11:14:59.089730+09:00,24654_expanded.json
24654-032,4,24654,타짜: 벨제붑의 노래,2026-10-02 00:03,열등감이 무섭네...,,1,단서 없음,,,공포·강도,https://www.lottecinema.co.kr/NLCHS/Movie/MovieDetailView?movie=24654,2026-10-02T11:14:59.089730+09:00,24654_expanded.json
24654-033,4,24654,타짜: 벨제붑의 노래,2026-10-01 23:56,타짜 잘봤습니다,,0,긍정 단서,잘봤,,,https://www.lottecinema.co.kr/NLCHS/Movie/MovieDetailView?movie=24654,2026-10-02T11:14:59.089730+09:00,24654_expanded.json
24654-034,4,24654,타짜: 벨제붑의 노래,2026-10-01 23:21,고맙습니다~ 다음에 또 기회있으면 좋겠네요~,,0,단서 없음,,,,https://www.lottecinema.co.kr/NLCHS/Movie/MovieDetailView?movie=24654,2026-10-02T11:14:59.089730+09:00,24654_expanded.json
24654-035,4,24654,타짜: 벨제붑의 노래,2026-10-01 23:09,인기있는 영화가 되길 기대합니다,,0,단서 없음,,,,https://www.lottecinema.co.kr/NLCHS/Movie/MovieDetailView?movie=24654,2026-10-02T11:14:59.089730+09:00,24654_expanded.json
24654-036,4,24654,타짜: 벨제붑의 노래,2026-10-01 23:07,"1과 비교하지 않고 본다면 2,3보다 월등.",,0,단서 없음,,,,https://www.lottecinema.co.kr/NLCHS/Movie/MovieDetailView?movie=24654,2026-10-02T11:14:59.089730+09:00,24654_expanded.json
24654-037,4,24654,타짜: 벨제붑의 노래,2026-10-01 22:57,1을 제외한 타짜 시리즈중에서는 제일 좋았다. 배우들 모두 연기가 좋았고 스윙스 연기도 꽤 괜찮아서 놀람 미요시 아야카 마스크는 참 매력적이었는데 분량 문제로 카네코의 행동이 설득력이 떨어져서 아쉬움,,1,혼합 단서,좋았,떨어져서|아쉬,연기·배우|원작·시리즈 비교,https://www.lottecinema.co.kr/NLCHS/Movie/MovieDetailView?movie=24654,2026-10-02T11:14:59.089730+09:00,24654_expanded.json
24654-038,4,24654,타짜: 벨제붑의 노래,2026-10-01 22:50,익숙하지만 재밌다,,1,긍정 단서,재밌,,,https://www.lottecinema.co.kr/NLCHS/Movie/MovieDetailView?movie=24654,2026-10-02T11:14:59.089730+09:00,24654_expanded.json
24654-039,4,24654,타짜: 벨제붑의 노래,2026-10-01 22:45,다시 보고 싶은 영화네여~,,0,단서 없음,,,재관람·추천 의향,https://www.lottecinema.co.kr/NLCHS/Movie/MovieDetailView?movie=24654,2026-10-02T11:14:59.089730+09:00,24654_expanded.json
24654-040,4,24654,타짜: 벨제붑의 노래,2026-10-01 22:24,타짜: 벨제붑의 노래,짧거나 제목만 있는 리뷰,0,단서 없음,,,,https://www.lottecinema.co.kr/NLCHS/Movie/MovieDetailView?movie=24654,2026-10-02T11:14:59.089730+09:00,24654_expanded.json
24654-041,4,24654,타짜: 벨제붑의 노래,2026-10-01 22:07,영화 재미있게 잘 봤습니다,,0,긍정 단서,잘 봤|재미있|재미있게,,,https://www.lottecinema.co.kr/NLCHS/Movie/MovieDetailView?movie=24654,2026-10-02T11:14:59.089730+09:00,24654_expanded.json
24654-042,4,24654,타짜: 벨제붑의 노래,2026-10-01 22:00,무난하게 몰입하며 보기 좋았습니다,,0,긍정 단서,좋았,,몰입·속도,https://www.lottecinema.co.kr/NLCHS/Movie/MovieDetailView?movie=24654,2026-10-02T11:14:59.089730+09:00,24654_expanded.json
24654-043,4,24654,타짜: 벨제붑의 노래,2026-10-01 21:49,아주 아주 아주 재미있어요,,0,긍정 단서,재미있,,,https://www.lottecinema.co.kr/NLCHS/Movie/MovieDetailView?movie=24654,2026-10-02T11:14:59.089730+09:00,24654_expanded.json
24654-044,4,24654,타짜: 벨제붑의 노래,2026-10-01 21:48,타짜 후편들 중에서는 제일 나은듯,,0,단서 없음,,,,https://www.lottecinema.co.kr/NLCHS/Movie/MovieDetailView?movie=24654,2026-10-02T11:14:59.089730+09:00,24654_expanded.json
24654-045,4,24654,타짜: 벨제붑의 노래,2026-10-01 21:40,열등감이 이렇게 무섭다,,0,단서 없음,,,공포·강도,https://www.lottecinema.co.kr/NLCHS/Movie/MovieDetailView?movie=24654,2026-10-02T11:14:59.089730+09:00,24654_expanded.json
24654-046,4,24654,타짜: 벨제붑의 노래,2026-10-01 21:40,그럭저럭 재밌게 볼만한 범죄 오락 타짜 영화. 스토리가 그렇게 매끄럽진 않음.,,0,긍정 단서,볼만|재밌,,서사·연출,https://www.lottecinema.co.kr/NLCHS/Movie/MovieDetailView?movie=24654,2026-10-02T11:14:59.089730+09:00,24654_expanded.json
24654-047,4,24654,타짜: 벨제붑의 노래,2026-10-01 21:34,타짜 벨제붑의 노래,,0,단서 없음,,,,https://www.lottecinema.co.kr/NLCHS/Movie/MovieDetailView?movie=24654,2026-10-02T11:14:59.089730+09:00,24654_expanded.json
24654-048,4,24654,타짜: 벨제붑의 노래,2026-10-01 21:34,대밋어용 연휴에 재밋게븀,,0,긍정 단서,재밋,,,https://www.lottecinema.co.kr/NLCHS/Movie/MovieDetailView?movie=24654,2026-10-02T11:14:59.089730+09:00,24654_expanded.json
24654-049,4,24654,타짜: 벨제붑의 노래,2026-10-01 21:30,재미있게 잘 봤습니다,,0,긍정 단서,잘 봤|재미있|재미있게,,,https://www.lottecinema.co.kr/NLCHS/Movie/MovieDetailView?movie=24654,2026-10-02T11:14:59.089730+09:00,24654_expanded.json
24654-050,4,24654,타짜: 벨제붑의 노래,2026-10-01 21:29,배우들 연기 너무 좋고 재밋어요,,0,긍정 단서,재밋|좋고,,연기·배우,https://www.lottecinema.co.kr/NLCHS/Movie/MovieDetailView?movie=24654,2026-10-02T11:14:59.089730+09:00,24654_expanded.json
24654-051,4,24654,타짜: 벨제붑의 노래,2026-10-01 21:19,타짜는 일편에서 멈춰야했다..,,0,단서 없음,,,,https://www.lottecinema.co.kr/NLCHS/Movie/MovieDetailView?movie=24654,2026-10-02T11:14:59.089730+09:00,24654_expanded.json
24654-052,4,24654,타짜: 벨제붑의 노래,2026-10-01 21:13,영화 너무 재밌어요 너무 조아요 그리구 짜릿해요 ㅎㅎ,,0,긍정 단서,재밌|짜릿,,,https://www.lottecinema.co.kr/NLCHS/Movie/MovieDetailView?movie=24654,2026-10-02T11:14:59.089730+09:00,24654_expanded.json
24654-053,4,24654,타짜: 벨제붑의 노래,2026-10-01 21:12,너무 재미있었어요 특히 미요시 아야카 배우랑 변요한 배우가 기억에 많이 남지만요,,0,긍정 단서,재미있|재미있었,,연기·배우,https://www.lottecinema.co.kr/NLCHS/Movie/MovieDetailView?movie=24654,2026-10-02T11:14:59.089730+09:00,24654_expanded.json
24654-054,4,24654,타짜: 벨제붑의 노래,2026-10-01 21:07,"나름 잼나게 보았습니다. 전혀, 예전 타짜와 스토리 다름.",,0,긍정 단서,잼나,,서사·연출,https://www.lottecinema.co.kr/NLCHS/Movie/MovieDetailView?movie=24654,2026-10-02T11:14:59.089730+09:00,24654_expanded.json
24654-055,4,24654,타짜: 벨제붑의 노래,2026-10-01 21:03,조연분들도 좋네요 신선해요,,1,긍정 단서,좋네,,,https://www.lottecinema.co.kr/NLCHS/Movie/MovieDetailView?movie=24654,2026-10-02T11:14:59.089730+09:00,24654_expanded.json
24654-056,4,24654,타짜: 벨제붑의 노래,2026-10-01 20:53,스윙스 찰떡이네요,,0,단서 없음,,,,https://www.lottecinema.co.kr/NLCHS/Movie/MovieDetailView?movie=24654,2026-10-02T11:14:59.089730+09:00,24654_expanded.json
24654-057,4,24654,타짜: 벨제붑의 노래,2026-10-01 20:46,그럭저럭 재밌게 봤습니다.,,0,긍정 단서,재밌,,,https://www.lottecinema.co.kr/NLCHS/Movie/MovieDetailView?movie=24654,2026-10-02T11:14:59.089730+09:00,24654_expanded.json
24654-058,4,24654,타짜: 벨제붑의 노래,2026-10-01 20:32,흥미로운 영화였습니다.,,0,긍정 단서,흥미,,,https://www.lottecinema.co.kr/NLCHS/Movie/MovieDetailView?movie=24654,2026-10-02T11:14:59.089730+09:00,24654_expanded.json
24654-059,4,24654,타짜: 벨제붑의 노래,2026-10-01 20:27,흡입력 있는 영화입니다.,,0,단서 없음,,,,https://www.lottecinema.co.kr/NLCHS/Movie/MovieDetailView?movie=24654,2026-10-02T11:14:59.089730+09:00,24654_expanded.json
24654-060,4,24654,타짜: 벨제붑의 노래,2026-10-01 20:03,재미있게 관람했어요.,,0,긍정 단서,재미있|재미있게,,,https://www.lottecinema.co.kr/NLCHS/Movie/MovieDetailView?movie=24654,2026-10-02T11:14:59.089730+09:00,24654_expanded.json
24128-001,5,24128,오디세이,2026-10-02 10:12,극장에서 봤을때 후회가 없었던 명작이라고 느낌.,,0,긍정 단서,명작,,,https://www.lottecinema.co.kr/NLCHS/Movie/MovieDetailView?movie=24128,2026-10-02T11:15:18.466695+09:00,24128_expanded.json
24128-002,5,24128,오디세이,2026-10-02 03:17,재미있게 잘보았습니다 젛은영화 많이 상영해주세요,,0,긍정 단서,잘보았|재미있|재미있게,,,https://www.lottecinema.co.kr/NLCHS/Movie/MovieDetailView?movie=24128,2026-10-02T11:15:18.466695+09:00,24128_expanded.json
24128-003,5,24128,오디세이,2026-10-02 01:34,바다에서 온 이방인,,0,단서 없음,,,,https://www.lottecinema.co.kr/NLCHS/Movie/MovieDetailView?movie=24128,2026-10-02T11:15:18.466695+09:00,24128_expanded.json
24128-004,5,24128,오디세이,2026-10-02 00:49,미리 공부 한 후 영화를 봐서 스토리를 어느정도는 알고 관람했는데도 감동의 폭이 크다. 이카타 왕국으로 귀향한 후부터 서쪽으로 떠나는 엔딩 장면까지의 대사들이 주옥 같다,,0,긍정 단서,감동,,서사·연출,https://www.lottecinema.co.kr/NLCHS/Movie/MovieDetailView?movie=24128,2026-10-02T11:15:18.466695+09:00,24128_expanded.json
24128-005,5,24128,오디세이,2026-10-01 23:11,웅장한 소리 노련한 감독,,0,긍정 단서,노련|웅장,,서사·연출|영상·음향·기기,https://www.lottecinema.co.kr/NLCHS/Movie/MovieDetailView?movie=24128,2026-10-02T11:15:18.466695+09:00,24128_expanded.json
24128-006,5,24128,오디세이,2026-10-01 22:07,야만의 시대는 언제 끝날까,,0,단서 없음,,,역사·사회 해석,https://www.lottecinema.co.kr/NLCHS/Movie/MovieDetailView?movie=24128,2026-10-02T11:15:18.466695+09:00,24128_expanded.json
24128-007,5,24128,오디세이,2026-10-01 21:51,잼있었는데 오디세이아 내용 다 알고 있으면 좀 재미가 덜한듯... 놀란 작품치고는 걸 어려웠다 ㅋㅋ,,0,긍정 단서,잼있,,서사·연출,https://www.lottecinema.co.kr/NLCHS/Movie/MovieDetailView?movie=24128,2026-10-02T11:15:18.466695+09:00,24128_expanded.json
24128-008,5,24128,오디세이,2026-10-01 21:40,중반 지루하지만 재미지다,,0,긍정 단서,재미지,,몰입·속도,https://www.lottecinema.co.kr/NLCHS/Movie/MovieDetailView?movie=24128,2026-10-02T11:15:18.466695+09:00,24128_expanded.json
24128-009,5,24128,오디세이,2026-10-01 21:15,새로쓰는 오디쎄우스,,0,단서 없음,,,,https://www.lottecinema.co.kr/NLCHS/Movie/MovieDetailView?movie=24128,2026-10-02T11:15:18.466695+09:00,24128_expanded.json
24128-010,5,24128,오디세이,2026-10-01 20:48,재밌어서 N차 관람했습니다!! 3시간이 이토록 알차다니 !!!,,0,긍정 단서,재밌,,재관람·추천 의향,https://www.lottecinema.co.kr/NLCHS/Movie/MovieDetailView?movie=24128,2026-10-02T11:15:18.466695+09:00,24128_expanded.json
24128-011,5,24128,오디세이,2026-10-01 14:46,3번째관람이였는데... 이제 진짜 더이상 스크린에서 볼 수 없다는게 믿어지지가 않는다요 ㅠㅠ??,,0,단서 없음,,,영상·음향·기기|재관람·추천 의향,https://www.lottecinema.co.kr/NLCHS/Movie/MovieDetailView?movie=24128,2026-10-02T11:15:18.466695+09:00,24128_expanded.json
24128-012,5,24128,오디세이,2026-10-01 12:44,좋아유.....?....,,0,긍정 단서,좋아,,,https://www.lottecinema.co.kr/NLCHS/Movie/MovieDetailView?movie=24128,2026-10-02T11:15:18.466695+09:00,24128_expanded.json
24128-013,5,24128,오디세이,2026-10-01 12:33,영화는 웅장하고 박진감으로 넘친다.... 이건 절대 작은 티비로 보지마라..ㅋ,,0,긍정 단서,웅장,,몰입·속도|영상·음향·기기,https://www.lottecinema.co.kr/NLCHS/Movie/MovieDetailView?movie=24128,2026-10-02T11:15:18.466695+09:00,24128_expanded.json
24128-014,5,24128,오디세이,2026-10-01 11:20,웅장한스케일과 서사를 화면으로보게되어 좋았음 마지막 청혼자들 정리할때 멋짐,,0,긍정 단서,웅장|좋았,,서사·연출|영상·음향·기기,https://www.lottecinema.co.kr/NLCHS/Movie/MovieDetailView?movie=24128,2026-10-02T11:15:18.466695+09:00,24128_expanded.json
24128-015,5,24128,오디세이,2026-10-01 10:18,정말 꼭 봐야됩니다 3시간 금방가버리네요 명품 배우들의 연기와 놀란감독의 연출이 돋보이는 영화였어요 한번더 보고싶네요,,0,단서 없음,,,연기·배우|서사·연출|재관람·추천 의향,https://www.lottecinema.co.kr/NLCHS/Movie/MovieDetailView?movie=24128,2026-10-02T11:15:18.466695+09:00,24128_expanded.json
24128-016,5,24128,오디세이,2026-10-01 09:56,내 인생영화 하나 추가요,,0,단서 없음,,,,https://www.lottecinema.co.kr/NLCHS/Movie/MovieDetailView?movie=24128,2026-10-02T11:15:18.466695+09:00,24128_expanded.json
24128-017,5,24128,오디세이,2026-10-01 07:41,두번 관람했는데 볼 때마다 느낌이 다르네요,,0,단서 없음,,,재관람·추천 의향,https://www.lottecinema.co.kr/NLCHS/Movie/MovieDetailView?movie=24128,2026-10-02T11:15:18.466695+09:00,24128_expanded.json
24128-018,5,24128,오디세이,2026-10-01 00:49,"이건 ㄹㅇ 표값 절대 안 아까움. 베놈1, 어벤져스 엔드게임이 영화관에서 본 영화중 1 2위였는데 오디세이가 원탑으로 올라왔습니다!! 무조건 광음시네마관에서 보세요!!!",,2,단서 없음,,,영상·음향·기기|재관람·추천 의향,https://www.lottecinema.co.kr/NLCHS/Movie/MovieDetailView?movie=24128,2026-10-02T11:15:18.466695+09:00,24128_expanded.json
24128-019,5,24128,오디세이,2026-10-01 00:46,멋진 영화이에요 또 보고 싶어요,,0,단서 없음,,,재관람·추천 의향,https://www.lottecinema.co.kr/NLCHS/Movie/MovieDetailView?movie=24128,2026-10-02T11:15:18.466695+09:00,24128_expanded.json
24128-020,5,24128,오디세이,2026-10-01 00:07,영화 재미있게 잘 봤어요,,0,긍정 단서,잘 봤|재미있|재미있게,,,https://www.lottecinema.co.kr/NLCHS/Movie/MovieDetailView?movie=24128,2026-10-02T11:15:18.466695+09:00,24128_expanded.json
24128-021,5,24128,오디세이,2026-09-30 23:31,이 영화 9점 드릴 수 있을거 같아요,,0,단서 없음,,,,https://www.lottecinema.co.kr/NLCHS/Movie/MovieDetailView?movie=24128,2026-10-02T11:15:18.466695+09:00,24128_expanded.json
24128-022,5,24128,오디세이,2026-09-30 23:17,저는 이 영화에 9점 드리겠습니다,,0,단서 없음,,,,https://www.lottecinema.co.kr/NLCHS/Movie/MovieDetailView?movie=24128,2026-10-02T11:15:18.466695+09:00,24128_expanded.json
24128-023,5,24128,오디세이,2026-09-30 22:59,정말 재미있게 봤습니다,,0,긍정 단서,재미있|재미있게,,,https://www.lottecinema.co.kr/NLCHS/Movie/MovieDetailView?movie=24128,2026-10-02T11:15:18.466695+09:00,24128_expanded.json
24128-024,5,24128,오디세이,2026-09-30 22:57,3시간이 전혀 길지 않았던 영화,,0,단서 없음,,,,https://www.lottecinema.co.kr/NLCHS/Movie/MovieDetailView?movie=24128,2026-10-02T11:15:18.466695+09:00,24128_expanded.json
24128-025,5,24128,오디세이,2026-09-30 21:15,암살자들을 친구가 끊어서 롯데시네마에서 봤는데 예매기록이 없어서 관람평을 쓸 수없다니 멍하네요. 암살자들 영화를 멋도 모르고 갑자기 보게 되었는데 그 시대를 살아온 사람으로서 말도 안되는정말 무책임한 영화라고 생각된다,다른 영화 중심 리뷰,2,단서 없음,,,역사·사회 해석,https://www.lottecinema.co.kr/NLCHS/Movie/MovieDetailView?movie=24128,2026-10-02T11:15:18.466695+09:00,24128_expanded.json
24128-026,5,24128,오디세이,2026-09-30 20:50,놀란감독의 영상미가 좋았고 트로이전쟁에 대한 재해석에 마음 뭉클했습니다 인류애를 생각하게 했습니다,,0,긍정 단서,좋았,,서사·연출,https://www.lottecinema.co.kr/NLCHS/Movie/MovieDetailView?movie=24128,2026-10-02T11:15:18.466695+09:00,24128_expanded.json
24128-027,5,24128,오디세이,2026-09-30 20:25,아주 재미있게 잘 봤네요,,0,긍정 단서,잘 봤|재미있|재미있게,,,https://www.lottecinema.co.kr/NLCHS/Movie/MovieDetailView?movie=24128,2026-10-02T11:15:18.466695+09:00,24128_expanded.json
24128-028,5,24128,오디세이,2026-09-30 19:52,최고,짧거나 제목만 있는 리뷰,0,긍정 단서,최고,,,https://www.lottecinema.co.kr/NLCHS/Movie/MovieDetailView?movie=24128,2026-10-02T11:15:18.466695+09:00,24128_expanded.json
24128-029,5,24128,오디세이,2026-09-30 19:28,영상미 굿,,0,긍정 단서,굿,,,https://www.lottecinema.co.kr/NLCHS/Movie/MovieDetailView?movie=24128,2026-10-02T11:15:18.466695+09:00,24128_expanded.json
24128-030,5,24128,오디세이,2026-09-30 19:21,어릴때 읽었던 그리스신화를 기억할수있는 대작으로 보는 느낌이 좋았고 다시보고싶음,,0,긍정 단서,좋았,,재관람·추천 의향,https://www.lottecinema.co.kr/NLCHS/Movie/MovieDetailView?movie=24128,2026-10-02T11:15:18.466695+09:00,24128_expanded.json
24128-031,5,24128,오디세이,2026-09-30 16:58,어릴때 즐겨봤던 신화이야기를 영화로 보니 매우 흥미로웠고. 그냥 신화 속에 빠져드는 느낌이었다. 조마조마 두근두근 울려퍼지는 북소리에 내 심장까지 쿵쾅거림. 오호. 잘 만들었네. 혼자 조용히 또 봤는데 또 재밌었음. (집중이 잘됨,,1,긍정 단서,재밌|흥미,,영상·음향·기기,https://www.lottecinema.co.kr/NLCHS/Movie/MovieDetailView?movie=24128,2026-10-02T11:15:18.466695+09:00,24128_expanded.json
24128-032,5,24128,오디세이,2026-09-30 15:05,어 맨 어 룰,,0,단서 없음,,,,https://www.lottecinema.co.kr/NLCHS/Movie/MovieDetailView?movie=24128,2026-10-02T11:15:18.466695+09:00,24128_expanded.json
24128-033,5,24128,오디세이,2026-09-30 14:04,광음은 너무시끄러웠엉,,0,단서 없음,,,영상·음향·기기|극장 서비스·매너,https://www.lottecinema.co.kr/NLCHS/Movie/MovieDetailView?movie=24128,2026-10-02T11:15:18.466695+09:00,24128_expanded.json
24128-034,5,24128,오디세이,2026-09-30 13:50,아이맥스관에서 또한번 보고싶네요.,,0,단서 없음,,,,https://www.lottecinema.co.kr/NLCHS/Movie/MovieDetailView?movie=24128,2026-10-02T11:15:18.466695+09:00,24128_expanded.json
24128-035,5,24128,오디세이,2026-09-30 13:45,어렵다... 그러나 잼나게 웅장한 맛에 잘봤어요,,0,긍정 단서,웅장|잘봤|잼나,,영상·음향·기기,https://www.lottecinema.co.kr/NLCHS/Movie/MovieDetailView?movie=24128,2026-10-02T11:15:18.466695+09:00,24128_expanded.json
24128-036,5,24128,오디세이,2026-09-30 13:00,미친 영화,,0,단서 없음,,,,https://www.lottecinema.co.kr/NLCHS/Movie/MovieDetailView?movie=24128,2026-10-02T11:15:18.466695+09:00,24128_expanded.json
24128-037,5,24128,오디세이,2026-09-30 07:56,어릴때부터 그리스로마신화를 좋아해서 기대하며 봤는데 진짜 개재밌었음 ㄹㅇ,,0,긍정 단서,재밌|좋아,,,https://www.lottecinema.co.kr/NLCHS/Movie/MovieDetailView?movie=24128,2026-10-02T11:15:18.466695+09:00,24128_expanded.json
24128-038,5,24128,오디세이,2026-09-30 07:37,"둘째 아이가 보자 해서 망설이다 세식구 같이 관람했는데 놀란 감독 영화답게 3시간이 순삭~ 지루할 틈 없이 집중하며, 흥분하며 빠져들어 봤네요~ 배우들 연기도 모두 굿굿~^^b 끝나고도 여운이 쉽게 가라앉질 않아요~",,0,긍정 단서,굿,,연기·배우|서사·연출|몰입·속도,https://www.lottecinema.co.kr/NLCHS/Movie/MovieDetailView?movie=24128,2026-10-02T11:15:18.466695+09:00,24128_expanded.json
24128-039,5,24128,오디세이,2026-09-30 06:14,3시간이 어떻게 지나가는 줄 모르는 영화,,0,단서 없음,,,,https://www.lottecinema.co.kr/NLCHS/Movie/MovieDetailView?movie=24128,2026-10-02T11:15:18.466695+09:00,24128_expanded.json
24128-040,5,24128,오디세이,2026-09-30 02:50,인생 영화입니다. 꼭보세요,,0,단서 없음,,,재관람·추천 의향,https://www.lottecinema.co.kr/NLCHS/Movie/MovieDetailView?movie=24128,2026-10-02T11:15:18.466695+09:00,24128_expanded.json
24128-041,5,24128,오디세이,2026-09-30 00:19,좋음,짧거나 제목만 있는 리뷰,0,긍정 단서,좋음,,,https://www.lottecinema.co.kr/NLCHS/Movie/MovieDetailView?movie=24128,2026-10-02T11:15:18.466695+09:00,24128_expanded.json
24128-042,5,24128,오디세이,2026-09-29 23:32,굿 굿 굿. 배우. 스토리 다 굿,,0,긍정 단서,굿,,연기·배우|서사·연출,https://www.lottecinema.co.kr/NLCHS/Movie/MovieDetailView?movie=24128,2026-10-02T11:15:18.466695+09:00,24128_expanded.json
24128-043,5,24128,오디세이,2026-09-29 23:09,의미있는 영화,,0,단서 없음,,,,https://www.lottecinema.co.kr/NLCHS/Movie/MovieDetailView?movie=24128,2026-10-02T11:15:18.466695+09:00,24128_expanded.json
24128-044,5,24128,오디세이,2026-09-29 22:56,재밌어여ㅐ,,0,긍정 단서,재밌,,,https://www.lottecinema.co.kr/NLCHS/Movie/MovieDetailView?movie=24128,2026-10-02T11:15:18.466695+09:00,24128_expanded.json
24128-045,5,24128,오디세이,2026-09-29 22:42,매순간 모든 장면이 너무 인상깊어서 한순간도 빠짐없이 몰입해서 봤습니다. 전쟁의 참혹과 사라져가는 인류애를 경고하는 인생영화였습니다.,,0,단서 없음,,,몰입·속도,https://www.lottecinema.co.kr/NLCHS/Movie/MovieDetailView?movie=24128,2026-10-02T11:15:18.466695+09:00,24128_expanded.json
24128-046,5,24128,오디세이,2026-09-29 22:29,재밌게 보았습니다 최고,,0,긍정 단서,재밌|최고,,,https://www.lottecinema.co.kr/NLCHS/Movie/MovieDetailView?movie=24128,2026-10-02T11:15:18.466695+09:00,24128_expanded.json
24128-047,5,24128,오디세이,2026-09-29 21:40,신화가 아니라 실화,,0,단서 없음,,,,https://www.lottecinema.co.kr/NLCHS/Movie/MovieDetailView?movie=24128,2026-10-02T11:15:18.466695+09:00,24128_expanded.json
24128-048,5,24128,오디세이,2026-09-29 21:27,기대이상이네요. 사운드 굿!!,,0,긍정 단서,굿,,,https://www.lottecinema.co.kr/NLCHS/Movie/MovieDetailView?movie=24128,2026-10-02T11:15:18.466695+09:00,24128_expanded.json
24128-049,5,24128,오디세이,2026-09-29 21:15,미리 공부를 하고 보면 더 집중할 수 있는 영화... 덕분에 관람 후에 학식이 올라간듯요,,0,단서 없음,,,,https://www.lottecinema.co.kr/NLCHS/Movie/MovieDetailView?movie=24128,2026-10-02T11:15:18.466695+09:00,24128_expanded.json
24128-050,5,24128,오디세이,2026-09-29 19:58,왜 놀란 놀란 거리는 지 알겠다.,,0,단서 없음,,,,https://www.lottecinema.co.kr/NLCHS/Movie/MovieDetailView?movie=24128,2026-10-02T11:15:18.466695+09:00,24128_expanded.json
24128-051,5,24128,오디세이,2026-09-29 17:47,오래 앉아있느라 힘들었지만 재밌네요!,,0,혼합 단서,재밌,힘들,,https://www.lottecinema.co.kr/NLCHS/Movie/MovieDetailView?movie=24128,2026-10-02T11:15:18.466695+09:00,24128_expanded.json
24128-052,5,24128,오디세이,2026-09-29 17:15,시간이 길었는데 지루하지 않았어요. 오히려 더 길게 해서 원작 에피소드들을 더 담았더라면,,0,단서 없음,,,몰입·속도|원작·시리즈 비교,https://www.lottecinema.co.kr/NLCHS/Movie/MovieDetailView?movie=24128,2026-10-02T11:15:18.466695+09:00,24128_expanded.json
24128-053,5,24128,오디세이,2026-09-29 17:12,마블과 디씨의 히어로들의 연기 앙상블이 매우 흡입력이 있습니다.,,0,단서 없음,,,연기·배우,https://www.lottecinema.co.kr/NLCHS/Movie/MovieDetailView?movie=24128,2026-10-02T11:15:18.466695+09:00,24128_expanded.json
24128-054,5,24128,오디세이,2026-09-29 15:33,너무 재밋어서 2번째 봤네요. 역시 놀란 감독입니다.,,0,긍정 단서,재밋,,서사·연출|재관람·추천 의향,https://www.lottecinema.co.kr/NLCHS/Movie/MovieDetailView?movie=24128,2026-10-02T11:15:18.466695+09:00,24128_expanded.json
24128-055,5,24128,오디세이,2026-09-29 14:17,재밌게 잘봤습니다.. 명작,,0,긍정 단서,명작|잘봤|재밌,,,https://www.lottecinema.co.kr/NLCHS/Movie/MovieDetailView?movie=24128,2026-10-02T11:15:18.466695+09:00,24128_expanded.json
24128-056,5,24128,오디세이,2026-09-29 14:11,광음시네마 효과 좋았고 세시간이 순식간에 흘러갔어요 재밌게봤습니다,,0,긍정 단서,재밌|좋았,,영상·음향·기기,https://www.lottecinema.co.kr/NLCHS/Movie/MovieDetailView?movie=24128,2026-10-02T11:15:18.466695+09:00,24128_expanded.json
24128-057,5,24128,오디세이,2026-09-29 12:34,오디세우스는 집에 안가려고 노력하는가. 영화가 끝나고 활소리만 기억나네.,,0,단서 없음,,,영상·음향·기기,https://www.lottecinema.co.kr/NLCHS/Movie/MovieDetailView?movie=24128,2026-10-02T11:15:18.466695+09:00,24128_expanded.json
24128-058,5,24128,오디세이,2026-09-29 09:22,다시 봐도 재밌었어요!,,0,긍정 단서,재밌,,,https://www.lottecinema.co.kr/NLCHS/Movie/MovieDetailView?movie=24128,2026-10-02T11:15:18.466695+09:00,24128_expanded.json
24128-059,5,24128,오디세이,2026-09-29 08:06,영화관에서 봐야 더 재미있어요 강추,,0,긍정 단서,재미있,,,https://www.lottecinema.co.kr/NLCHS/Movie/MovieDetailView?movie=24128,2026-10-02T11:15:18.466695+09:00,24128_expanded.json
24128-060,5,24128,오디세이,2026-09-29 00:26,화려한 영웅담보다 전쟁에서 살아남은 한 인간의 이야기처럼 느껴졌습니다. 망자들과 아테네를 통해 전쟁의 트라우마를 보여주는 방식도 인상적이었고요. 판타지인데도 다큐 같은 여운이 남았습니다. 아이맥스로 한 번 더 보고 싶네요.,,0,단서 없음,,,서사·연출|재관람·추천 의향,https://www.lottecinema.co.kr/NLCHS/Movie/MovieDetailView?movie=24128,2026-10-02T11:15:18.466695+09:00,24128_expanded.json
24751-001,6,24751,인턴,2026-10-02 10:35,따뜻하고 사랑스러운 영화. 상처받고 스스로를 탓한 적이 있다면 꼭 보세요.,,0,긍정 단서,사랑스,,재관람·추천 의향,https://www.lottecinema.co.kr/NLCHS/Movie/MovieDetailView?movie=24751,2026-10-02T11:15:20.642996+09:00,24751_expanded.json
24751-002,6,24751,인턴,2026-10-02 09:54,가볍게 보기 좋은 영화였어요,,0,긍정 단서,좋은,,,https://www.lottecinema.co.kr/NLCHS/Movie/MovieDetailView?movie=24751,2026-10-02T11:15:20.642996+09:00,24751_expanded.json
24751-003,6,24751,인턴,2026-10-02 09:48,아는 내용이지만 한국식으로 잘 풀었내요,,0,단서 없음,,,서사·연출,https://www.lottecinema.co.kr/NLCHS/Movie/MovieDetailView?movie=24751,2026-10-02T11:15:20.642996+09:00,24751_expanded.json
24751-004,6,24751,인턴,2026-10-02 09:33,두 배우의 합이 나름 좋았어요~,,0,긍정 단서,좋았,,연기·배우,https://www.lottecinema.co.kr/NLCHS/Movie/MovieDetailView?movie=24751,2026-10-02T11:15:20.642996+09:00,24751_expanded.json
24751-005,6,24751,인턴,2026-10-02 09:28,리메이크 잘됨 최민식 한소희 케미도 좋고 캐릭 착붙,,0,긍정 단서,좋고|케미,,연기·배우|서사·연출|원작·시리즈 비교,https://www.lottecinema.co.kr/NLCHS/Movie/MovieDetailView?movie=24751,2026-10-02T11:15:20.642996+09:00,24751_expanded.json
24751-006,6,24751,인턴,2026-10-02 08:13,악역이 왜 악역인지 납득이 안간다,,0,부정 단서,,납득이 안,,https://www.lottecinema.co.kr/NLCHS/Movie/MovieDetailView?movie=24751,2026-10-02T11:15:20.642996+09:00,24751_expanded.json
24751-007,6,24751,인턴,2026-10-02 07:25,오랜만에 편안한 영화 잘봤습니다,,0,긍정 단서,잘봤,,,https://www.lottecinema.co.kr/NLCHS/Movie/MovieDetailView?movie=24751,2026-10-02T11:15:20.642996+09:00,24751_expanded.json
24751-008,6,24751,인턴,2026-10-02 05:06,원작에서 변경된 캐릭터들의 성격 변화의 실패,,0,부정 단서,,실패,서사·연출|원작·시리즈 비교,https://www.lottecinema.co.kr/NLCHS/Movie/MovieDetailView?movie=24751,2026-10-02T11:15:20.642996+09:00,24751_expanded.json
24751-009,6,24751,인턴,2026-10-02 03:39,잼있네요 두배우의 캐미가 돋보였던작품,,0,긍정 단서,잼있|캐미,,연기·배우,https://www.lottecinema.co.kr/NLCHS/Movie/MovieDetailView?movie=24751,2026-10-02T11:15:20.642996+09:00,24751_expanded.json
24751-010,6,24751,인턴,2026-10-02 01:07,한국식으로 잘 만들었어요,,0,단서 없음,,,,https://www.lottecinema.co.kr/NLCHS/Movie/MovieDetailView?movie=24751,2026-10-02T11:15:20.642996+09:00,24751_expanded.json
24751-011,6,24751,인턴,2026-10-02 01:03,두 배우의 합이 좋아요,,0,긍정 단서,좋아|좋아요,,연기·배우,https://www.lottecinema.co.kr/NLCHS/Movie/MovieDetailView?movie=24751,2026-10-02T11:15:20.642996+09:00,24751_expanded.json
24751-012,6,24751,인턴,2026-10-02 01:01,배우들의 연기가 좋아서 재미있게 잘 봤습니다.,,0,긍정 단서,잘 봤|재미있|재미있게|좋아,,연기·배우,https://www.lottecinema.co.kr/NLCHS/Movie/MovieDetailView?movie=24751,2026-10-02T11:15:20.642996+09:00,24751_expanded.json
24751-013,6,24751,인턴,2026-10-02 01:00,원작의 느낌은 나지 않지만 한국식으로 잘 풀어갔어요,,0,단서 없음,,,원작·시리즈 비교,https://www.lottecinema.co.kr/NLCHS/Movie/MovieDetailView?movie=24751,2026-10-02T11:15:20.642996+09:00,24751_expanded.json
24751-014,6,24751,인턴,2026-10-02 00:58,배우 연기가 좋았어요,,0,긍정 단서,좋았,,연기·배우,https://www.lottecinema.co.kr/NLCHS/Movie/MovieDetailView?movie=24751,2026-10-02T11:15:20.642996+09:00,24751_expanded.json
24751-015,6,24751,인턴,2026-10-02 00:47,그냥저냥 재미잇게봤습니다,,0,단서 없음,,,,https://www.lottecinema.co.kr/NLCHS/Movie/MovieDetailView?movie=24751,2026-10-02T11:15:20.642996+09:00,24751_expanded.json
24751-016,6,24751,인턴,2026-10-02 00:10,인턴,짧거나 제목만 있는 리뷰,0,단서 없음,,,,https://www.lottecinema.co.kr/NLCHS/Movie/MovieDetailView?movie=24751,2026-10-02T11:15:20.642996+09:00,24751_expanded.json
24751-017,6,24751,인턴,2026-10-01 23:36,마 내가 이 사장하고 ! 다 햇어!,,0,단서 없음,,,,https://www.lottecinema.co.kr/NLCHS/Movie/MovieDetailView?movie=24751,2026-10-02T11:15:20.642996+09:00,24751_expanded.json
24751-018,6,24751,인턴,2026-10-01 23:03,배우들의 연기가 좋았습니다.,,0,긍정 단서,좋았,,연기·배우,https://www.lottecinema.co.kr/NLCHS/Movie/MovieDetailView?movie=24751,2026-10-02T11:15:20.642996+09:00,24751_expanded.json
24751-019,6,24751,인턴,2026-10-01 23:02,괜찮게 봤습니다,,0,단서 없음,,,,https://www.lottecinema.co.kr/NLCHS/Movie/MovieDetailView?movie=24751,2026-10-02T11:15:20.642996+09:00,24751_expanded.json
24751-020,6,24751,인턴,2026-10-01 22:49,정신차려! 따수웠어요,,0,단서 없음,,,,https://www.lottecinema.co.kr/NLCHS/Movie/MovieDetailView?movie=24751,2026-10-02T11:15:20.642996+09:00,24751_expanded.json
24751-021,6,24751,인턴,2026-10-01 22:40,조아요조아요저아여오,,0,단서 없음,,,,https://www.lottecinema.co.kr/NLCHS/Movie/MovieDetailView?movie=24751,2026-10-02T11:15:20.642996+09:00,24751_expanded.json
24751-022,6,24751,인턴,2026-10-01 22:35,올해 가장 따뜻한 영화,,0,단서 없음,,,,https://www.lottecinema.co.kr/NLCHS/Movie/MovieDetailView?movie=24751,2026-10-02T11:15:20.642996+09:00,24751_expanded.json
24751-023,6,24751,인턴,2026-10-01 22:22,인턴,짧거나 제목만 있는 리뷰,0,단서 없음,,,,https://www.lottecinema.co.kr/NLCHS/Movie/MovieDetailView?movie=24751,2026-10-02T11:15:20.642996+09:00,24751_expanded.json
24751-024,6,24751,인턴,2026-10-01 21:02,리메이크 잘했네요,,0,단서 없음,,,원작·시리즈 비교,https://www.lottecinema.co.kr/NLCHS/Movie/MovieDetailView?movie=24751,2026-10-02T11:15:20.642996+09:00,24751_expanded.json
24751-025,6,24751,인턴,2026-10-01 20:50,즐겁게 볼 수 있는 영화,,0,긍정 단서,즐겁,,,https://www.lottecinema.co.kr/NLCHS/Movie/MovieDetailView?movie=24751,2026-10-02T11:15:20.642996+09:00,24751_expanded.json
24751-026,6,24751,인턴,2026-10-01 20:00,재미있게 관람했어요,,0,긍정 단서,재미있|재미있게,,,https://www.lottecinema.co.kr/NLCHS/Movie/MovieDetailView?movie=24751,2026-10-02T11:15:20.642996+09:00,24751_expanded.json
24751-027,6,24751,인턴,2026-10-01 19:19,역시 최민식 연기가 녹아들어요. 한소희 이뻐요. 아쉬움이 분명히 있는 리메이크 작품이지만 한국화한 영화로 보기 좋아요. 마음 따뜻해지는 영화,,0,혼합 단서,좋아|좋아요,아쉬,연기·배우|원작·시리즈 비교,https://www.lottecinema.co.kr/NLCHS/Movie/MovieDetailView?movie=24751,2026-10-02T11:15:20.642996+09:00,24751_expanded.json
24751-028,6,24751,인턴,2026-10-01 19:00,재미있게 잘 관람했습니다!!,,0,긍정 단서,재미있|재미있게,,,https://www.lottecinema.co.kr/NLCHS/Movie/MovieDetailView?movie=24751,2026-10-02T11:15:20.642996+09:00,24751_expanded.json
24751-029,6,24751,인턴,2026-10-01 17:35,영화 재미있게 봤어요,,0,긍정 단서,재미있|재미있게,,,https://www.lottecinema.co.kr/NLCHS/Movie/MovieDetailView?movie=24751,2026-10-02T11:15:20.642996+09:00,24751_expanded.json
24751-030,6,24751,인턴,2026-10-01 17:31,.,짧거나 제목만 있는 리뷰,0,단서 없음,,,,https://www.lottecinema.co.kr/NLCHS/Movie/MovieDetailView?movie=24751,2026-10-02T11:15:20.642996+09:00,24751_expanded.json
24751-031,6,24751,인턴,2026-10-01 15:41,한소희가 던지고 최민식이 받쳐주는 영화,,0,단서 없음,,,연기·배우,https://www.lottecinema.co.kr/NLCHS/Movie/MovieDetailView?movie=24751,2026-10-02T11:15:20.642996+09:00,24751_expanded.json
24751-032,6,24751,인턴,2026-10-01 15:33,과하다...상영시간은 왤케 긴거야...이선우 캐릭터는 뭐지... 원작이랑 똑같을순 없지만...그냥 첨부터 끝까지 까칠하기만함...원래 부드러운 성격도 공존해야한다고 생각하는데...너무 그대로 미국영화 따라할려고하니 너무 보기 불편..,,0,단서 없음,,,서사·연출|원작·시리즈 비교,https://www.lottecinema.co.kr/NLCHS/Movie/MovieDetailView?movie=24751,2026-10-02T11:15:20.642996+09:00,24751_expanded.json
24751-033,6,24751,인턴,2026-10-01 15:09,멘토 인턴. 느긋하다. TV용 드라마 같다.,,0,단서 없음,,,,https://www.lottecinema.co.kr/NLCHS/Movie/MovieDetailView?movie=24751,2026-10-02T11:15:20.642996+09:00,24751_expanded.json
24751-034,6,24751,인턴,2026-10-01 14:53,내용이 심심한데 상영시간이 길어서 힘들었어요.,,0,부정 단서,,힘들,서사·연출,https://www.lottecinema.co.kr/NLCHS/Movie/MovieDetailView?movie=24751,2026-10-02T11:15:20.642996+09:00,24751_expanded.json
24751-035,6,24751,인턴,2026-10-01 13:21,원작이 깔끔한 연출이었다면 이작품은 동양 정서상 군더더기가 있었으나 두배우의 조합은 좋았다,,0,긍정 단서,좋았,,연기·배우|서사·연출|원작·시리즈 비교,https://www.lottecinema.co.kr/NLCHS/Movie/MovieDetailView?movie=24751,2026-10-02T11:15:20.642996+09:00,24751_expanded.json
24751-036,6,24751,인턴,2026-10-01 12:53,한국식 실버 인턴으로 더 연출했었다면 좋았을듯,,0,긍정 단서,좋았,,서사·연출,https://www.lottecinema.co.kr/NLCHS/Movie/MovieDetailView?movie=24751,2026-10-02T11:15:20.642996+09:00,24751_expanded.json
24751-037,6,24751,인턴,2026-10-01 12:53,인턴과 대표가 저렇게 술마시며 출장을 같이 가고 가까워 질 수 있다고 현실에선 있을 수 없는 일이자나자나~~~,,0,단서 없음,,,,https://www.lottecinema.co.kr/NLCHS/Movie/MovieDetailView?movie=24751,2026-10-02T11:15:20.642996+09:00,24751_expanded.json
24751-038,6,24751,인턴,2026-10-01 12:21,나도 인턴 하고 싶은 동화,,0,단서 없음,,,,https://www.lottecinema.co.kr/NLCHS/Movie/MovieDetailView?movie=24751,2026-10-02T11:15:20.642996+09:00,24751_expanded.json
24751-039,6,24751,인턴,2026-10-01 09:55,ㄱ,짧거나 제목만 있는 리뷰,0,단서 없음,,,,https://www.lottecinema.co.kr/NLCHS/Movie/MovieDetailView?movie=24751,2026-10-02T11:15:20.642996+09:00,24751_expanded.json
24751-040,6,24751,인턴,2026-10-01 09:38,두배우의 연기가 좋았음. 근데 민식오빠의 띵작 난 악마를 봤다 장면이 자꾸 오버랩 돼 어질어질...@_@,,1,긍정 단서,좋았,,연기·배우,https://www.lottecinema.co.kr/NLCHS/Movie/MovieDetailView?movie=24751,2026-10-02T11:15:20.642996+09:00,24751_expanded.json
24751-041,6,24751,인턴,2026-10-01 08:53,최근 본 멍화중에 꽤 괜찬았다 나도 비슷한 처지여서 그랬을까? 그회사 대표로 마무리 되었다면... 나의 희망사항~,,0,단서 없음,,,,https://www.lottecinema.co.kr/NLCHS/Movie/MovieDetailView?movie=24751,2026-10-02T11:15:20.642996+09:00,24751_expanded.json
24751-042,6,24751,인턴,2026-10-01 08:29,오랜만에 잔잔하고 감동적인 영화를 봄,,0,긍정 단서,감동,,,https://www.lottecinema.co.kr/NLCHS/Movie/MovieDetailView?movie=24751,2026-10-02T11:15:20.642996+09:00,24751_expanded.json
24751-043,6,24751,인턴,2026-10-01 08:06,영화 인턴 감동있게 봤어요.좋아요.,,0,긍정 단서,감동|좋아|좋아요,,,https://www.lottecinema.co.kr/NLCHS/Movie/MovieDetailView?movie=24751,2026-10-02T11:15:20.642996+09:00,24751_expanded.json
24751-044,6,24751,인턴,2026-10-01 07:54,가볍게 즐기기좋은,,0,긍정 단서,좋은,,영상·음향·기기,https://www.lottecinema.co.kr/NLCHS/Movie/MovieDetailView?movie=24751,2026-10-02T11:15:20.642996+09:00,24751_expanded.json
24751-045,6,24751,인턴,2026-10-01 07:40,원작을 각색하기는 커녕 기본적인 현지화를 위한 노력조차 거의 안보이네요. 심지어 대사조차 원작의 더빙판으로 봐도 될 정도로 비슷해요. 그나마 각색된 부분은 감독의 저열한 사상이 드러납니다. 남자 엄청 싫어하시네요.,,0,단서 없음,,,서사·연출|원작·시리즈 비교,https://www.lottecinema.co.kr/NLCHS/Movie/MovieDetailView?movie=24751,2026-10-02T11:15:20.642996+09:00,24751_expanded.json
24751-046,6,24751,인턴,2026-10-01 04:09,케케,짧거나 제목만 있는 리뷰,0,단서 없음,,,,https://www.lottecinema.co.kr/NLCHS/Movie/MovieDetailView?movie=24751,2026-10-02T11:15:20.642996+09:00,24751_expanded.json
24751-047,6,24751,인턴,2026-10-01 02:48,그냥 원작만 좋은 기억으로 잘남기고 있을걸하고 보고나서 스스로에게 후회했다.,,0,혼합 단서,좋은,후회,원작·시리즈 비교,https://www.lottecinema.co.kr/NLCHS/Movie/MovieDetailView?movie=24751,2026-10-02T11:15:20.642996+09:00,24751_expanded.json
24751-048,6,24751,인턴,2026-10-01 02:17,인턴 무대인사,,0,단서 없음,,,,https://www.lottecinema.co.kr/NLCHS/Movie/MovieDetailView?movie=24751,2026-10-02T11:15:20.642996+09:00,24751_expanded.json
24751-049,6,24751,인턴,2026-10-01 02:02,살짝 아쉬움이 남는다. 서로 사이가 돈독해지는 에피소드가 조금 약했던거 같다.,,0,부정 단서,,아쉬,,https://www.lottecinema.co.kr/NLCHS/Movie/MovieDetailView?movie=24751,2026-10-02T11:15:20.642996+09:00,24751_expanded.json
24751-050,6,24751,인턴,2026-10-01 01:34,원작과 비슷한 스토리로 재밌게 잘 보았어요!,,0,긍정 단서,잘 보았|재밌,,서사·연출|원작·시리즈 비교,https://www.lottecinema.co.kr/NLCHS/Movie/MovieDetailView?movie=24751,2026-10-02T11:15:20.642996+09:00,24751_expanded.json
24751-051,6,24751,인턴,2026-10-01 00:53,재미있어요 추천,,0,긍정 단서,재미있|추천,,재관람·추천 의향,https://www.lottecinema.co.kr/NLCHS/Movie/MovieDetailView?movie=24751,2026-10-02T11:15:20.642996+09:00,24751_expanded.json
24751-052,6,24751,인턴,2026-10-01 00:00,굳이 할 필요도 없었네,,0,단서 없음,,,,https://www.lottecinema.co.kr/NLCHS/Movie/MovieDetailView?movie=24751,2026-10-02T11:15:20.642996+09:00,24751_expanded.json
24751-053,6,24751,인턴,2026-09-30 23:52,원작과 비슷한 부분이 많네요 우리 실정에 맞게 잘 바꿨네요~ 연기들 잘함^^ 인턴이 활약했는데 왜 정직원 왜 안되나요?ㅋ,,0,단서 없음,,,연기·배우|원작·시리즈 비교|극장 서비스·매너,https://www.lottecinema.co.kr/NLCHS/Movie/MovieDetailView?movie=24751,2026-10-02T11:15:20.642996+09:00,24751_expanded.json
24751-054,6,24751,인턴,2026-09-30 23:36,따땃한 영화 추천,,0,긍정 단서,추천,,재관람·추천 의향,https://www.lottecinema.co.kr/NLCHS/Movie/MovieDetailView?movie=24751,2026-10-02T11:15:20.642996+09:00,24751_expanded.json
24751-055,6,24751,인턴,2026-09-30 23:30,이 영화 7점 드릴 수 있을거 같아요,,0,단서 없음,,,,https://www.lottecinema.co.kr/NLCHS/Movie/MovieDetailView?movie=24751,2026-10-02T11:15:20.642996+09:00,24751_expanded.json
24751-056,6,24751,인턴,2026-09-30 23:19,잘봤어요,,0,긍정 단서,잘봤,,,https://www.lottecinema.co.kr/NLCHS/Movie/MovieDetailView?movie=24751,2026-10-02T11:15:20.642996+09:00,24751_expanded.json
24751-057,6,24751,인턴,2026-09-30 23:19,잘봤습니다,,0,긍정 단서,잘봤,,,https://www.lottecinema.co.kr/NLCHS/Movie/MovieDetailView?movie=24751,2026-10-02T11:15:20.642996+09:00,24751_expanded.json
24751-058,6,24751,인턴,2026-09-30 23:19,잘봤습니다,,0,긍정 단서,잘봤,,,https://www.lottecinema.co.kr/NLCHS/Movie/MovieDetailView?movie=24751,2026-10-02T11:15:20.642996+09:00,24751_expanded.json
24751-059,6,24751,인턴,2026-09-30 22:48,인턴 재미있습니다,,0,긍정 단서,재미있,,,https://www.lottecinema.co.kr/NLCHS/Movie/MovieDetailView?movie=24751,2026-10-02T11:15:20.642996+09:00,24751_expanded.json
24751-060,6,24751,인턴,2026-09-30 22:45,인턴 재미있습니다,,0,긍정 단서,재미있,,,https://www.lottecinema.co.kr/NLCHS/Movie/MovieDetailView?movie=24751,2026-10-02T11:15:20.642996+09:00,24751_expanded.json
24725-001,7,24725,가능한 사랑,2026-10-02 10:31,"나보다 가진 사람들이 부럽고, 질투도 나고, 그앞에서 못나보이고 싶지 않은 인간의 마음. 아무리 세상이 우리를 흔들어도 달만 보며 중심을 잡고 싶다. 사랑이 있다면 힘든 세상 이겨낼 수 있지 않을까, 하는 희망을 느꼈다.",,0,단서 없음,,,,https://www.lottecinema.co.kr/NLCHS/Movie/MovieDetailView?movie=24725,2026-10-02T11:15:39.760047+09:00,24725_expanded.json
24725-002,7,24725,가능한 사랑,2026-10-02 07:27,3시간 되는 영화를 몰입할 수 있어요 연기 최고,,0,긍정 단서,최고,,연기·배우|몰입·속도,https://www.lottecinema.co.kr/NLCHS/Movie/MovieDetailView?movie=24725,2026-10-02T11:15:39.760047+09:00,24725_expanded.json
24725-003,7,24725,가능한 사랑,2026-10-02 02:22,매우 즐감함. 10월 4일까지만 극장에서 볼 수 있으니 빨리 보시기 바람.,,0,긍정 단서,즐감,,,https://www.lottecinema.co.kr/NLCHS/Movie/MovieDetailView?movie=24725,2026-10-02T11:15:39.760047+09:00,24725_expanded.json
24725-004,7,24725,가능한 사랑,2026-10-02 01:33,서로다른 위치에 있는 사람들은 진실로 공감할 수 있는가,,0,단서 없음,,,역사·사회 해석,https://www.lottecinema.co.kr/NLCHS/Movie/MovieDetailView?movie=24725,2026-10-02T11:15:39.760047+09:00,24725_expanded.json
24725-005,7,24725,가능한 사랑,2026-10-02 00:44,가능하나요?이사랑,,1,단서 없음,,,,https://www.lottecinema.co.kr/NLCHS/Movie/MovieDetailView?movie=24725,2026-10-02T11:15:39.760047+09:00,24725_expanded.json
24725-006,7,24725,가능한 사랑,2026-10-01 21:59,재미있게 잘 봤어요 ~~,,0,긍정 단서,잘 봤|재미있|재미있게,,,https://www.lottecinema.co.kr/NLCHS/Movie/MovieDetailView?movie=24725,2026-10-02T11:15:39.760047+09:00,24725_expanded.json
24725-007,7,24725,가능한 사랑,2026-10-01 21:33,아 뭐가 뭔지 잘 모르겠다,,1,부정 단서,,모르겠다,,https://www.lottecinema.co.kr/NLCHS/Movie/MovieDetailView?movie=24725,2026-10-02T11:15:39.760047+09:00,24725_expanded.json
24725-008,7,24725,가능한 사랑,2026-10-01 21:14,"아 전 아직 영알못인가봅니다 갑자기 현타오네,,, 설경구님 연기는 좋았습니다. 도연전은 말할것도없고,,,!",,0,긍정 단서,좋았,,연기·배우,https://www.lottecinema.co.kr/NLCHS/Movie/MovieDetailView?movie=24725,2026-10-02T11:15:39.760047+09:00,24725_expanded.json
24725-009,7,24725,가능한 사랑,2026-10-01 20:10,불가능한 사랑..답답,,0,부정 단서,,답답,,https://www.lottecinema.co.kr/NLCHS/Movie/MovieDetailView?movie=24725,2026-10-02T11:15:39.760047+09:00,24725_expanded.json
24725-010,7,24725,가능한 사랑,2026-10-01 20:06,재밌게 봤습니다~~,,0,긍정 단서,재밌,,,https://www.lottecinema.co.kr/NLCHS/Movie/MovieDetailView?movie=24725,2026-10-02T11:15:39.760047+09:00,24725_expanded.json
24725-011,7,24725,가능한 사랑,2026-10-01 20:03,난해하고 이해가 안된네요.,,1,부정 단서,,난해|이해가 안|이해가 안된,,https://www.lottecinema.co.kr/NLCHS/Movie/MovieDetailView?movie=24725,2026-10-02T11:15:39.760047+09:00,24725_expanded.json
24725-012,7,24725,가능한 사랑,2026-10-01 19:56,스토리의 배경과 배우들의 연기가 어우러지면서 몰입감이 깊습니다. 마지막 여운이 극 중 인물이 된 것 마냥 흐려지는 스크린에 머물렀습니다.,,0,긍정 단서,몰입감,,연기·배우|서사·연출|몰입·속도|영상·음향·기기,https://www.lottecinema.co.kr/NLCHS/Movie/MovieDetailView?movie=24725,2026-10-02T11:15:39.760047+09:00,24725_expanded.json
24725-013,7,24725,가능한 사랑,2026-10-01 19:36,"가능한 사랑, 불가능한 평등",,0,단서 없음,,,역사·사회 해석,https://www.lottecinema.co.kr/NLCHS/Movie/MovieDetailView?movie=24725,2026-10-02T11:15:39.760047+09:00,24725_expanded.json
24725-014,7,24725,가능한 사랑,2026-10-01 17:30,상당히 잘 만든 작품. 배우 연기력도 좋았다. 뒤에 할머니들 잡담하는데 많이 시끄러웠다. 이런 할머니들 통제 좀 했으면 좋겠다.,,2,긍정 단서,좋았,,연기·배우|극장 서비스·매너,https://www.lottecinema.co.kr/NLCHS/Movie/MovieDetailView?movie=24725,2026-10-02T11:15:39.760047+09:00,24725_expanded.json
24725-015,7,24725,가능한 사랑,2026-10-01 17:07,"왜인지 가슴이 답답하고 아팠다. 그리고 후반부는 아는만큼 보일것 같은 영화였다. 일반인인 내가 보기에 그저 드라마 같았는데, 그냥 만든것 같진 않고 무슨 뜻이 있을것 같았다. 집에와서 이창동감독 인터뷰 보니 좀 이해가 갔다.",,0,부정 단서,,답답,서사·연출,https://www.lottecinema.co.kr/NLCHS/Movie/MovieDetailView?movie=24725,2026-10-02T11:15:39.760047+09:00,24725_expanded.json
24725-016,7,24725,가능한 사랑,2026-10-01 16:58,완전 명작 진짜 재미있어요 꼭 꼭 보세요 전도연 설경구 너무 연기 잘해요 이게 영화지,,0,긍정 단서,명작|재미있,,연기·배우|재관람·추천 의향,https://www.lottecinema.co.kr/NLCHS/Movie/MovieDetailView?movie=24725,2026-10-02T11:15:39.760047+09:00,24725_expanded.json
24725-017,7,24725,가능한 사랑,2026-10-01 16:14,그 사랑이 가능하다는 이야기인지. 어렵다. 이창동 감독님. 버닝과 막 섞이네 ㅉ.,,0,단서 없음,,,서사·연출,https://www.lottecinema.co.kr/NLCHS/Movie/MovieDetailView?movie=24725,2026-10-02T11:15:39.760047+09:00,24725_expanded.json
24725-018,7,24725,가능한 사랑,2026-10-01 15:00,재미있게 잘 봤어요 내용이 너무 길어서 지루합니다.,,0,혼합 단서,잘 봤|재미있|재미있게,지루,서사·연출|몰입·속도,https://www.lottecinema.co.kr/NLCHS/Movie/MovieDetailView?movie=24725,2026-10-02T11:15:39.760047+09:00,24725_expanded.json
24725-019,7,24725,가능한 사랑,2026-10-01 14:15,"무엇이 가능한지 무엇이 불가능한지 이미 알고 있다. 다큐식 영화라 초반부터 머리가 아파왔다. 하지만 집중력있게 끝까지 잘보았다. 전도연과 아들, 이끄는 중심축",,0,긍정 단서,잘보았,,연기·배우,https://www.lottecinema.co.kr/NLCHS/Movie/MovieDetailView?movie=24725,2026-10-02T11:15:39.760047+09:00,24725_expanded.json
24725-020,7,24725,가능한 사랑,2026-10-01 13:43,3시간을 앉아 있을 가치가 있다~,,0,단서 없음,,,,https://www.lottecinema.co.kr/NLCHS/Movie/MovieDetailView?movie=24725,2026-10-02T11:15:39.760047+09:00,24725_expanded.json
24725-021,7,24725,가능한 사랑,2026-10-01 12:48,감독님 경구형님 도연누님 그리고 다른 배우님들 모두 감사드립니다 보는 내내 눈물이 앞을 가리고 계급에 대한 짜증에 너무 좋은 의미로 참 보기 힘든 영화였습니다 좋은 영화 감사합니다~,,0,긍정 단서,좋은,,연기·배우|서사·연출,https://www.lottecinema.co.kr/NLCHS/Movie/MovieDetailView?movie=24725,2026-10-02T11:15:39.760047+09:00,24725_expanded.json
24725-022,7,24725,가능한 사랑,2026-10-01 12:44,"예지의 사랑, 호석과 미옥의 사랑, 상우의 사랑을 생각해보며 제목을 다시 돌아볼 수 있다.",,0,단서 없음,,,,https://www.lottecinema.co.kr/NLCHS/Movie/MovieDetailView?movie=24725,2026-10-02T11:15:39.760047+09:00,24725_expanded.json
24725-023,7,24725,가능한 사랑,2026-10-01 12:01,3시간이 금방 갔네요,,0,단서 없음,,,,https://www.lottecinema.co.kr/NLCHS/Movie/MovieDetailView?movie=24725,2026-10-02T11:15:39.760047+09:00,24725_expanded.json
24725-024,7,24725,가능한 사랑,2026-10-01 10:05,과연 가능한 사랑인건지 !!!,,0,단서 없음,,,,https://www.lottecinema.co.kr/NLCHS/Movie/MovieDetailView?movie=24725,2026-10-02T11:15:39.760047+09:00,24725_expanded.json
24725-025,7,24725,가능한 사랑,2026-10-01 09:55,ㄱ,짧거나 제목만 있는 리뷰,0,단서 없음,,,,https://www.lottecinema.co.kr/NLCHS/Movie/MovieDetailView?movie=24725,2026-10-02T11:15:39.760047+09:00,24725_expanded.json
24725-026,7,24725,가능한 사랑,2026-10-01 09:11,이게 영화다....,,0,단서 없음,,,,https://www.lottecinema.co.kr/NLCHS/Movie/MovieDetailView?movie=24725,2026-10-02T11:15:39.760047+09:00,24725_expanded.json
24725-027,7,24725,가능한 사랑,2026-10-01 02:16,가능한 사랑,짧거나 제목만 있는 리뷰,0,단서 없음,,,,https://www.lottecinema.co.kr/NLCHS/Movie/MovieDetailView?movie=24725,2026-10-02T11:15:39.760047+09:00,24725_expanded.json
24725-028,7,24725,가능한 사랑,2026-10-01 00:13,연기 대사 음향 영상 놀랍다.. 노동 사회계급 여자 남자 세대 등의 갈등과 심리가 직설적인듯 은유적인듯 묘하다,,0,단서 없음,,,연기·배우|영상·음향·기기,https://www.lottecinema.co.kr/NLCHS/Movie/MovieDetailView?movie=24725,2026-10-02T11:15:39.760047+09:00,24725_expanded.json
24725-029,7,24725,가능한 사랑,2026-10-01 00:09,영화 가능한 사랑 4.5,,0,단서 없음,,,,https://www.lottecinema.co.kr/NLCHS/Movie/MovieDetailView?movie=24725,2026-10-02T11:15:39.760047+09:00,24725_expanded.json
24725-030,7,24725,가능한 사랑,2026-09-30 23:32,AI시대에도 노동은 필요하고 계급격차는 더 아찔하게 멀어진다. 그럼에도 추석 보름달을 보며 시름을 잊어본다.,,0,단서 없음,,,역사·사회 해석,https://www.lottecinema.co.kr/NLCHS/Movie/MovieDetailView?movie=24725,2026-10-02T11:15:39.760047+09:00,24725_expanded.json
24725-031,7,24725,가능한 사랑,2026-09-30 22:14,리얼리즘 연기의 극한,,1,단서 없음,,,연기·배우,https://www.lottecinema.co.kr/NLCHS/Movie/MovieDetailView?movie=24725,2026-10-02T11:15:39.760047+09:00,24725_expanded.json
24725-032,7,24725,가능한 사랑,2026-09-30 20:48,전도연배우의 꾸미지않은 모습과 연기가 좋다,,0,긍정 단서,좋다,,연기·배우,https://www.lottecinema.co.kr/NLCHS/Movie/MovieDetailView?movie=24725,2026-10-02T11:15:39.760047+09:00,24725_expanded.json
24725-033,7,24725,가능한 사랑,2026-09-30 20:25,사랑과 노동에 대하여,,0,단서 없음,,,,https://www.lottecinema.co.kr/NLCHS/Movie/MovieDetailView?movie=24725,2026-10-02T11:15:39.760047+09:00,24725_expanded.json
24725-034,7,24725,가능한 사랑,2026-09-30 20:00,이창동 감독님의 이전 다른 영화를 즐겨 봤던 마음에 이번에도 호기심 듬뿍 담고 찾아 본 영화. .. 어쨌든 줄거리는 알긴 알겠으나 생각보다 내용이 어렵게 느껴졌다. ~~~ 그래도 끝까지 보긴 봤다. ㅋ,,0,단서 없음,,,서사·연출,https://www.lottecinema.co.kr/NLCHS/Movie/MovieDetailView?movie=24725,2026-10-02T11:15:39.760047+09:00,24725_expanded.json
24725-035,7,24725,가능한 사랑,2026-09-30 19:57,좋은 영화는 길어도 지루하지않다,,0,긍정 단서,좋은,,몰입·속도,https://www.lottecinema.co.kr/NLCHS/Movie/MovieDetailView?movie=24725,2026-10-02T11:15:39.760047+09:00,24725_expanded.json
24725-036,7,24725,가능한 사랑,2026-09-30 19:52,특히 전도연배우의 연기가 좋았습니다.,,0,긍정 단서,좋았,,연기·배우,https://www.lottecinema.co.kr/NLCHS/Movie/MovieDetailView?movie=24725,2026-10-02T11:15:39.760047+09:00,24725_expanded.json
24725-037,7,24725,가능한 사랑,2026-09-30 19:44,이 영화의 재미 절반은 전도연의 연기,,0,단서 없음,,,연기·배우,https://www.lottecinema.co.kr/NLCHS/Movie/MovieDetailView?movie=24725,2026-10-02T11:15:39.760047+09:00,24725_expanded.json
24725-038,7,24725,가능한 사랑,2026-09-30 19:30,"올해의 영화, 배우들의 연기는 놀랍고 이창동의 연출은 황홀하다",,1,단서 없음,,,연기·배우|서사·연출,https://www.lottecinema.co.kr/NLCHS/Movie/MovieDetailView?movie=24725,2026-10-02T11:15:39.760047+09:00,24725_expanded.json
24725-039,7,24725,가능한 사랑,2026-09-30 19:27,영상미 좋아요,,0,긍정 단서,좋아|좋아요,,,https://www.lottecinema.co.kr/NLCHS/Movie/MovieDetailView?movie=24725,2026-10-02T11:15:39.760047+09:00,24725_expanded.json
24725-040,7,24725,가능한 사랑,2026-09-30 19:23,추천이요,,1,긍정 단서,추천,,재관람·추천 의향,https://www.lottecinema.co.kr/NLCHS/Movie/MovieDetailView?movie=24725,2026-10-02T11:15:39.760047+09:00,24725_expanded.json
24725-041,7,24725,가능한 사랑,2026-09-30 18:55,가능한사랑 잘 봤습니다,,0,긍정 단서,잘 봤,,,https://www.lottecinema.co.kr/NLCHS/Movie/MovieDetailView?movie=24725,2026-10-02T11:15:39.760047+09:00,24725_expanded.json
24725-042,7,24725,가능한 사랑,2026-09-30 18:53,가능한사랑 잘 봤습니다,,0,긍정 단서,잘 봤,,,https://www.lottecinema.co.kr/NLCHS/Movie/MovieDetailView?movie=24725,2026-10-02T11:15:39.760047+09:00,24725_expanded.json
24725-043,7,24725,가능한 사랑,2026-09-30 18:34,문학의 영상화 삶을 생각하게한다,,0,단서 없음,,,,https://www.lottecinema.co.kr/NLCHS/Movie/MovieDetailView?movie=24725,2026-10-02T11:15:39.760047+09:00,24725_expanded.json
24725-044,7,24725,가능한 사랑,2026-09-30 18:31,"달이 떠오르듯, 삶은 계속된다.",,0,단서 없음,,,,https://www.lottecinema.co.kr/NLCHS/Movie/MovieDetailView?movie=24725,2026-10-02T11:15:39.760047+09:00,24725_expanded.json
24725-045,7,24725,가능한 사랑,2026-09-30 18:05,"전도연 압도적 연기와 이를 받쳐주는 설경구 연기를 보니,조인성,조여정은 학예회 수준이네. 영화내용 심오함이 왜 국내투자를 못받았는지 알것같다. 그리고.. (아티스트 병에 빠진 원빈이 조인성역을 탐냈을것만 같다.)",,1,단서 없음,,,연기·배우|서사·연출,https://www.lottecinema.co.kr/NLCHS/Movie/MovieDetailView?movie=24725,2026-10-02T11:15:39.760047+09:00,24725_expanded.json
24725-046,7,24725,가능한 사랑,2026-09-30 18:04,"감독이 카메라를 통해 피사체를 보며 하는 고민을, 사회 계급간의 갈등을, 관객마저도 같은 고민에 빠트린 영화.",,0,단서 없음,,,서사·연출,https://www.lottecinema.co.kr/NLCHS/Movie/MovieDetailView?movie=24725,2026-10-02T11:15:39.760047+09:00,24725_expanded.json
24725-047,7,24725,가능한 사랑,2026-09-30 17:55,노동이 지워지는 세상. 2026년 이 사랑은 정말 희박하게 가능하다.,,0,단서 없음,,,,https://www.lottecinema.co.kr/NLCHS/Movie/MovieDetailView?movie=24725,2026-10-02T11:15:39.760047+09:00,24725_expanded.json
24725-048,7,24725,가능한 사랑,2026-09-30 17:00,영화관에서 볼 수 있어서 너무나 행복했습니다,,1,단서 없음,,,,https://www.lottecinema.co.kr/NLCHS/Movie/MovieDetailView?movie=24725,2026-10-02T11:15:39.760047+09:00,24725_expanded.json
24725-049,7,24725,가능한 사랑,2026-09-30 16:29,잔잔하지만 몰입감과 여운이 굉장히 많이 남는 이야기,,0,긍정 단서,몰입감,,서사·연출|몰입·속도,https://www.lottecinema.co.kr/NLCHS/Movie/MovieDetailView?movie=24725,2026-10-02T11:15:39.760047+09:00,24725_expanded.json
24725-050,7,24725,가능한 사랑,2026-09-30 16:17,예술영화는 꼭 청불 받을 장면을 넣어야 하는 걸까..,,0,단서 없음,,,,https://www.lottecinema.co.kr/NLCHS/Movie/MovieDetailView?movie=24725,2026-10-02T11:15:39.760047+09:00,24725_expanded.json
24725-051,7,24725,가능한 사랑,2026-09-30 15:39,멋진 영화 멋진 배우,,0,단서 없음,,,연기·배우,https://www.lottecinema.co.kr/NLCHS/Movie/MovieDetailView?movie=24725,2026-10-02T11:15:39.760047+09:00,24725_expanded.json
24725-052,7,24725,가능한 사랑,2026-09-30 15:38,이창동감독이다 역시,,0,단서 없음,,,서사·연출,https://www.lottecinema.co.kr/NLCHS/Movie/MovieDetailView?movie=24725,2026-10-02T11:15:39.760047+09:00,24725_expanded.json
24725-053,7,24725,가능한 사랑,2026-09-30 15:23,"이창동의 '기생충', 한국 사회의 극단적 양극화를 통찰한다. 전도연 연기는 미쳤다",,0,단서 없음,,,연기·배우,https://www.lottecinema.co.kr/NLCHS/Movie/MovieDetailView?movie=24725,2026-10-02T11:15:39.760047+09:00,24725_expanded.json
24725-054,7,24725,가능한 사랑,2026-09-30 15:19,전도연은 진짜 미묘한 감정 표현이 예술입니다. 인터뷰에서 와락하게 만드는 설경구 역시 대단하고 거장의 뚝심있는 연출도 압권 느린 호흡에도 상영시간이 전혀 지루하지 않아 놀람,,2,단서 없음,,,연기·배우|서사·연출|몰입·속도,https://www.lottecinema.co.kr/NLCHS/Movie/MovieDetailView?movie=24725,2026-10-02T11:15:39.760047+09:00,24725_expanded.json
24725-055,7,24725,가능한 사랑,2026-09-30 14:16,재밌어요 잘 봤습니다 ㅎㅎ,,0,긍정 단서,잘 봤|재밌,,,https://www.lottecinema.co.kr/NLCHS/Movie/MovieDetailView?movie=24725,2026-10-02T11:15:39.760047+09:00,24725_expanded.json
24725-056,7,24725,가능한 사랑,2026-09-30 13:54,왜 설경구가 그렇게 울었는지 알겠다 울분이 가득 전해져서 눈만봐도 슬픔,,0,단서 없음,,,연기·배우,https://www.lottecinema.co.kr/NLCHS/Movie/MovieDetailView?movie=24725,2026-10-02T11:15:39.760047+09:00,24725_expanded.json
24725-057,7,24725,가능한 사랑,2026-09-30 13:51,재미나게 잘 봤어요~~!!,,0,긍정 단서,잘 봤,,,https://www.lottecinema.co.kr/NLCHS/Movie/MovieDetailView?movie=24725,2026-10-02T11:15:39.760047+09:00,24725_expanded.json
24725-058,7,24725,가능한 사랑,2026-09-30 12:51,부르주아가 촬영하는 뷰파인더 너머의 노동 현실을 담는 작업도 노동이라고 부를 수 있나.,,0,단서 없음,,,,https://www.lottecinema.co.kr/NLCHS/Movie/MovieDetailView?movie=24725,2026-10-02T11:15:39.760047+09:00,24725_expanded.json
24725-059,7,24725,가능한 사랑,2026-09-30 12:29,모순 그 자체 영화는 영화다 라는,,0,단서 없음,,,,https://www.lottecinema.co.kr/NLCHS/Movie/MovieDetailView?movie=24725,2026-10-02T11:15:39.760047+09:00,24725_expanded.json
24725-060,7,24725,가능한 사랑,2026-09-30 12:17,전도연이 나체로 꼭 그랬어야했나? 그씬은 불편했으나..나름 생각하게 하는 영화!!,,1,단서 없음,,,연기·배우,https://www.lottecinema.co.kr/NLCHS/Movie/MovieDetailView?movie=24725,2026-10-02T11:15:39.760047+09:00,24725_expanded.json
24971-001,8,24971,엔하이픈 브이알콘서트 : 데스티니,2026-10-01 17:45,"셋리스트가 개연성이 부족하게 느껴져요 첫 브이알이 오히려 더 개연성 있고 퀄이 풍부한 느낌은 굿 멘트가 줄어들고 곡이 추가된 것, 1인칭 시점으로 독대할 수 있어 좋아요 그리고 월드타워랑 홍대 롯데시네마 직원들 불친절해서 별로",,0,혼합 단서,굿|좋아|좋아요,별로|부족|불친절,서사·연출|원작·시리즈 비교|극장 서비스·매너,https://www.lottecinema.co.kr/NLCHS/Movie/MovieDetailView?movie=24971,2026-10-02T11:15:38.612135+09:00,24971_expanded.json
24971-002,8,24971,엔하이픈 브이알콘서트 : 데스티니,2026-10-01 12:14,와정말 #여자라면엔하이픈 #여자라면vr콘서트 어느정도냐면 우리엄마우리할머니까지 다 데려다서 같이 보고싶어요… 후회안하실겁니다제발한번만봐주세요,,0,단서 없음,,,,https://www.lottecinema.co.kr/NLCHS/Movie/MovieDetailView?movie=24971,2026-10-02T11:15:38.612135+09:00,24971_expanded.json
24971-003,8,24971,엔하이픈 브이알콘서트 : 데스티니,2026-09-29 17:07,멤버별로 2번씩보고싶어요 제발이라는감정,,0,부정 단서,,별로,재관람·추천 의향,https://www.lottecinema.co.kr/NLCHS/Movie/MovieDetailView?movie=24971,2026-10-02T11:15:38.612135+09:00,24971_expanded.json
24971-004,8,24971,엔하이픈 브이알콘서트 : 데스티니,2026-09-28 21:08,엔하이픈 브이알콘서트 월드타워점,,0,단서 없음,,,,https://www.lottecinema.co.kr/NLCHS/Movie/MovieDetailView?movie=24971,2026-10-02T11:15:38.612135+09:00,24971_expanded.json
24971-005,8,24971,엔하이픈 브이알콘서트 : 데스티니,2026-09-27 03:28,엔하이픈 브이알콘서트 : 데스티니,짧거나 제목만 있는 리뷰,0,단서 없음,,,,https://www.lottecinema.co.kr/NLCHS/Movie/MovieDetailView?movie=24971,2026-10-02T11:15:38.612135+09:00,24971_expanded.json
24971-006,8,24971,엔하이픈 브이알콘서트 : 데스티니,2026-09-26 18:52,안보면후회한다고100번째말했다,,0,부정 단서,,후회,,https://www.lottecinema.co.kr/NLCHS/Movie/MovieDetailView?movie=24971,2026-10-02T11:15:38.612135+09:00,24971_expanded.json
24971-007,8,24971,엔하이픈 브이알콘서트 : 데스티니,2026-09-26 00:20,작년 브이알보다 더 가까이 다가와서 죽는줄 알았어요,,0,단서 없음,,,원작·시리즈 비교,https://www.lottecinema.co.kr/NLCHS/Movie/MovieDetailView?movie=24971,2026-10-02T11:15:38.612135+09:00,24971_expanded.json
24971-008,8,24971,엔하이픈 브이알콘서트 : 데스티니,2026-09-25 19:56,잘봤어요!,,0,긍정 단서,잘봤,,,https://www.lottecinema.co.kr/NLCHS/Movie/MovieDetailView?movie=24971,2026-10-02T11:15:38.612135+09:00,24971_expanded.json
24971-009,8,24971,엔하이픈 브이알콘서트 : 데스티니,2026-09-25 11:29,최애가 너무 눈앞에 가까이 있어서 좋았어요 ㅎㅎㅎ 근데 월드타워관 뭔가 초점이 잘 안맞는거 같아서 초점 찾아 이리저리 무거운 VR기기를 한시간 내내 들고 있었더니 힘들었네요 ㅠㅠ,,1,혼합 단서,좋았,안맞|힘들,영상·음향·기기,https://www.lottecinema.co.kr/NLCHS/Movie/MovieDetailView?movie=24971,2026-10-02T11:15:38.612135+09:00,24971_expanded.json
24971-010,8,24971,엔하이픈 브이알콘서트 : 데스티니,2026-09-24 18:17,저는 홍대입구에서 봤는데 다들 막 돌고래비명 지르시는 정도는 아니긴 했어요.그래도 광음이라 그런지 큰 소리에도 노래 잘 들리고 직원분들도 친절하시고 너무 좋았습니다,,0,긍정 단서,좋았,,영상·음향·기기|극장 서비스·매너,https://www.lottecinema.co.kr/NLCHS/Movie/MovieDetailView?movie=24971,2026-10-02T11:15:38.612135+09:00,24971_expanded.json
24971-011,8,24971,엔하이픈 브이알콘서트 : 데스티니,2026-09-23 23:36,처음으로 브이알 콘서트 보고왔는데 직원이 불친절해요. 10대 학생인데 오늘 시험끝난 기념으로 엔하이픈 브이알 보고왔는데 직원이 저랑 친구를 아래 위 훑더니 한숨쉬면서 입장 시켰어요;;;;,,4,부정 단서,,불친절|한숨쉬,극장 서비스·매너,https://www.lottecinema.co.kr/NLCHS/Movie/MovieDetailView?movie=24971,2026-10-02T11:15:38.612135+09:00,24971_expanded.json
24971-012,8,24971,엔하이픈 브이알콘서트 : 데스티니,2026-09-23 16:56,근데브이알콘특성상잔잔한노래잇는건별로인듯,,2,부정 단서,,별로,,https://www.lottecinema.co.kr/NLCHS/Movie/MovieDetailView?movie=24971,2026-10-02T11:15:38.612135+09:00,24971_expanded.json
24971-013,8,24971,엔하이픈 브이알콘서트 : 데스티니,2026-09-20 18:24,"처음했던 vr콘서트보단 노잼이었어요.... 일단 곡 선정이 미스였던 것 같아요 ㅠㅠ 좀 다양성이 줄어든 느낌...? 그리고 공연이 너무 짧았어요. 또, 음량도 작고 vr기기 화질이 구려서 기대했던 것보단 별로였어요.",,3,부정 단서,,구려|노잼|별로,영상·음향·기기|원작·시리즈 비교,https://www.lottecinema.co.kr/NLCHS/Movie/MovieDetailView?movie=24971,2026-10-02T11:15:38.612135+09:00,24971_expanded.json
24971-014,8,24971,엔하이픈 브이알콘서트 : 데스티니,2026-09-20 00:34,진짜잠실음향더크게제발요,,7,단서 없음,,,영상·음향·기기,https://www.lottecinema.co.kr/NLCHS/Movie/MovieDetailView?movie=24971,2026-10-02T11:15:38.612135+09:00,24971_expanded.json
24971-015,8,24971,엔하이픈 브이알콘서트 : 데스티니,2026-09-19 00:09,잠실 월타점 음향이 너무 작습니다. 콘서트 영화인데 음향에 신경써주세요ㅠㅠㅠ,,10,단서 없음,,,영상·음향·기기,https://www.lottecinema.co.kr/NLCHS/Movie/MovieDetailView?movie=24971,2026-10-02T11:15:38.612135+09:00,24971_expanded.json
24971-016,8,24971,엔하이픈 브이알콘서트 : 데스티니,2026-09-18 15:05,재밌게 잘 봤습니다,,2,긍정 단서,잘 봤|재밌,,,https://www.lottecinema.co.kr/NLCHS/Movie/MovieDetailView?movie=24971,2026-10-02T11:15:38.612135+09:00,24971_expanded.json
24868-001,9,24868,옵세션,2026-10-02 09:35,재미나게 봤지만 기괴하다는 생각도 듭니다,,0,단서 없음,,,공포·강도,https://www.lottecinema.co.kr/NLCHS/Movie/MovieDetailView?movie=24868,2026-10-02T11:15:59.019382+09:00,24868_expanded.json
24868-002,9,24868,옵세션,2026-10-02 09:20,내가 기대하던 공포영화의 맛,,0,단서 없음,,,공포·강도,https://www.lottecinema.co.kr/NLCHS/Movie/MovieDetailView?movie=24868,2026-10-02T11:15:59.019382+09:00,24868_expanded.json
24868-003,9,24868,옵세션,2026-10-02 01:05,간만에 보는 꿀잼 공포,,0,긍정 단서,꿀잼,,공포·강도,https://www.lottecinema.co.kr/NLCHS/Movie/MovieDetailView?movie=24868,2026-10-02T11:15:59.019382+09:00,24868_expanded.json
24868-004,9,24868,옵세션,2026-10-01 22:57,공포 영화 잘 안좋아하는데도 이 영화는 좋았다,,0,혼합 단서,좋았,부정표현,공포·강도,https://www.lottecinema.co.kr/NLCHS/Movie/MovieDetailView?movie=24868,2026-10-02T11:15:59.019382+09:00,24868_expanded.json
24868-005,9,24868,옵세션,2026-10-01 21:49,공포영화 별로 안 좋라하는데 재밌게 봤어요,,0,혼합 단서,재밌,별로|부정표현,공포·강도,https://www.lottecinema.co.kr/NLCHS/Movie/MovieDetailView?movie=24868,2026-10-02T11:15:59.019382+09:00,24868_expanded.json
24868-006,9,24868,옵세션,2026-10-01 20:57,공포 좋아한다면 추천 몰입도 괜찮고 소름...영화 끝나고도 소름이 지속됐고 딸은 비위 상하고 속이 이상하다고ㅋㅋ,,0,긍정 단서,좋아|추천,,몰입·속도|공포·강도|재관람·추천 의향,https://www.lottecinema.co.kr/NLCHS/Movie/MovieDetailView?movie=24868,2026-10-02T11:15:59.019382+09:00,24868_expanded.json
24868-007,9,24868,옵세션,2026-10-01 18:21,새로운 느낌의 공포영화. 놀라게 만드는 방법이 예상한것보다 단순하지 않음. 오랜만에 좋게 볼만한 공포영화,,0,긍정 단서,볼만|좋게,,공포·강도,https://www.lottecinema.co.kr/NLCHS/Movie/MovieDetailView?movie=24868,2026-10-02T11:15:59.019382+09:00,24868_expanded.json
24868-008,9,24868,옵세션,2026-10-01 15:36,우왕…여주 진짜 너무 불쌍하구 남주가 너무 답답함..,,0,부정 단서,,답답,,https://www.lottecinema.co.kr/NLCHS/Movie/MovieDetailView?movie=24868,2026-10-02T11:15:59.019382+09:00,24868_expanded.json
24868-009,9,24868,옵세션,2026-10-01 14:38,장르적으로 되게 잘 달린듯,,0,단서 없음,,,,https://www.lottecinema.co.kr/NLCHS/Movie/MovieDetailView?movie=24868,2026-10-02T11:15:59.019382+09:00,24868_expanded.json
24868-010,9,24868,옵세션,2026-10-01 14:33,센세이션한 영화네요 마지막에 엔딩이 많은걸 생각하게했습니다,,0,단서 없음,,,서사·연출,https://www.lottecinema.co.kr/NLCHS/Movie/MovieDetailView?movie=24868,2026-10-02T11:15:59.019382+09:00,24868_expanded.json
24868-011,9,24868,옵세션,2026-10-01 13:10,기대하고 봤는데 생각보다 아쉬웠어요 시끄럽기만함,,0,부정 단서,,시끄럽|아쉬,영상·음향·기기,https://www.lottecinema.co.kr/NLCHS/Movie/MovieDetailView?movie=24868,2026-10-02T11:15:59.019382+09:00,24868_expanded.json
24868-012,9,24868,옵세션,2026-10-01 13:09,그리움은 점점 모여서 기억들은 너를 만들고,,0,단서 없음,,,,https://www.lottecinema.co.kr/NLCHS/Movie/MovieDetailView?movie=24868,2026-10-02T11:15:59.019382+09:00,24868_expanded.json
24868-013,9,24868,옵세션,2026-10-01 12:42,너무 재밌다… 니키의 날카로운 why don’t you love me 울부짖음이 계속 생각난다,,0,긍정 단서,재밌,,,https://www.lottecinema.co.kr/NLCHS/Movie/MovieDetailView?movie=24868,2026-10-02T11:15:59.019382+09:00,24868_expanded.json
24868-014,9,24868,옵세션,2026-10-01 12:39,저절로 추워지네요.. 잔상 엄청납니다.. ㅠㅠ,,0,단서 없음,,,,https://www.lottecinema.co.kr/NLCHS/Movie/MovieDetailView?movie=24868,2026-10-02T11:15:59.019382+09:00,24868_expanded.json
24868-015,9,24868,옵세션,2026-10-01 12:13,남주가 이기적이네,,0,단서 없음,,,,https://www.lottecinema.co.kr/NLCHS/Movie/MovieDetailView?movie=24868,2026-10-02T11:15:59.019382+09:00,24868_expanded.json
24868-016,9,24868,옵세션,2026-10-01 09:55,ㄱ,짧거나 제목만 있는 리뷰,0,단서 없음,,,,https://www.lottecinema.co.kr/NLCHS/Movie/MovieDetailView?movie=24868,2026-10-02T11:15:59.019382+09:00,24868_expanded.json
24868-017,9,24868,옵세션,2026-10-01 09:39,저예산영화지만 연출력 좋았구 두 배우들의 연기가 압권!!!,,1,긍정 단서,좋았,,연기·배우|서사·연출,https://www.lottecinema.co.kr/NLCHS/Movie/MovieDetailView?movie=24868,2026-10-02T11:15:59.019382+09:00,24868_expanded.json
24868-018,9,24868,옵세션,2026-10-01 07:52,.,짧거나 제목만 있는 리뷰,0,단서 없음,,,,https://www.lottecinema.co.kr/NLCHS/Movie/MovieDetailView?movie=24868,2026-10-02T11:15:59.019382+09:00,24868_expanded.json
24868-019,9,24868,옵세션,2026-10-01 01:51,올해 퇴고의 스릴러 영화,,0,단서 없음,,,,https://www.lottecinema.co.kr/NLCHS/Movie/MovieDetailView?movie=24868,2026-10-02T11:15:59.019382+09:00,24868_expanded.json
24868-020,9,24868,옵세션,2026-09-30 23:31,이 영화 8점 드릴 수 있을거 같아요,,0,단서 없음,,,,https://www.lottecinema.co.kr/NLCHS/Movie/MovieDetailView?movie=24868,2026-10-02T11:15:59.019382+09:00,24868_expanded.json
24868-021,9,24868,옵세션,2026-09-30 23:03,ㅎㄷㄷ 하노 ... 너무 무서워서 그냥 자버림,,0,단서 없음,,,공포·강도,https://www.lottecinema.co.kr/NLCHS/Movie/MovieDetailView?movie=24868,2026-10-02T11:15:59.019382+09:00,24868_expanded.json
24868-022,9,24868,옵세션,2026-09-30 22:49,옵세션 재미있습니다,,0,긍정 단서,재미있,,,https://www.lottecinema.co.kr/NLCHS/Movie/MovieDetailView?movie=24868,2026-10-02T11:15:59.019382+09:00,24868_expanded.json
24868-023,9,24868,옵세션,2026-09-30 22:47,개봉한지 한달이다됐어요 고민하는분들 내리기전에 그냥 무조건 보셔요 개인적으로 공포영화 잘 만드는거 어렵다고 생각하거든요? 겁나 잘만듦 신박하고 재밌고 시사하는바도있도 연출도 신선하고 음악도 잘써요 배우들 연기도 좋아요,,0,긍정 단서,재밌|좋아|좋아요,,연기·배우|서사·연출|공포·강도,https://www.lottecinema.co.kr/NLCHS/Movie/MovieDetailView?movie=24868,2026-10-02T11:15:59.019382+09:00,24868_expanded.json
24868-024,9,24868,옵세션,2026-09-30 22:18,사랑이라는 이름의 끔찍한 고문과 폭력 여주가 불쌍하다,,0,단서 없음,,,,https://www.lottecinema.co.kr/NLCHS/Movie/MovieDetailView?movie=24868,2026-10-02T11:15:59.019382+09:00,24868_expanded.json
24868-025,9,24868,옵세션,2026-09-30 22:17,으시시하게 무섭습니다,,0,단서 없음,,,공포·강도,https://www.lottecinema.co.kr/NLCHS/Movie/MovieDetailView?movie=24868,2026-10-02T11:15:59.019382+09:00,24868_expanded.json
24868-026,9,24868,옵세션,2026-09-30 19:33,기대감이 없었는데 의외로 긴장감있는 스릴러..내용보다 배경음이 더 소름끼치는게 신의 한수..,,0,단서 없음,,,서사·연출|몰입·속도|공포·강도,https://www.lottecinema.co.kr/NLCHS/Movie/MovieDetailView?movie=24868,2026-10-02T11:15:59.019382+09:00,24868_expanded.json
24868-027,9,24868,옵세션,2026-09-30 19:28,추천합니다,,0,긍정 단서,추천,,재관람·추천 의향,https://www.lottecinema.co.kr/NLCHS/Movie/MovieDetailView?movie=24868,2026-10-02T11:15:59.019382+09:00,24868_expanded.json
24868-028,9,24868,옵세션,2026-09-30 19:19,재밋어요 추천,,0,긍정 단서,재밋|추천,,재관람·추천 의향,https://www.lottecinema.co.kr/NLCHS/Movie/MovieDetailView?movie=24868,2026-10-02T11:15:59.019382+09:00,24868_expanded.json
24868-029,9,24868,옵세션,2026-09-30 18:53,"배경지식 아예 없이 연인과 보러갔었는데, 정말 올해 본 영화 중 가장 무서웠던 영화입니다… 스토리 라인과 배우의 연기가 너무 시원했고 매우 만족도가 높은 영화였어요!!",,0,긍정 단서,만족,,연기·배우|서사·연출|공포·강도,https://www.lottecinema.co.kr/NLCHS/Movie/MovieDetailView?movie=24868,2026-10-02T11:15:59.019382+09:00,24868_expanded.json
24868-030,9,24868,옵세션,2026-09-30 18:50,연기가 좋고 이야기도 괜찮다,,0,긍정 단서,좋고,,연기·배우,https://www.lottecinema.co.kr/NLCHS/Movie/MovieDetailView?movie=24868,2026-10-02T11:15:59.019382+09:00,24868_expanded.json
24868-031,9,24868,옵세션,2026-09-30 18:13,개..무서움 진짜 와진짜,,0,단서 없음,,,공포·강도,https://www.lottecinema.co.kr/NLCHS/Movie/MovieDetailView?movie=24868,2026-10-02T11:15:59.019382+09:00,24868_expanded.json
24868-032,9,24868,옵세션,2026-09-30 15:26,사랑이란 뭘까요...,,0,부정 단서,,뭘까,,https://www.lottecinema.co.kr/NLCHS/Movie/MovieDetailView?movie=24868,2026-10-02T11:15:59.019382+09:00,24868_expanded.json
24868-033,9,24868,옵세션,2026-09-30 14:03,사랑의 감정이 누구를 위한 것인가 적나라하게 보여주는 영화,,0,단서 없음,,,,https://www.lottecinema.co.kr/NLCHS/Movie/MovieDetailView?movie=24868,2026-10-02T11:15:59.019382+09:00,24868_expanded.json
24868-034,9,24868,옵세션,2026-09-30 07:11,새로운 장르의 공포 즐거운 관람 했습니디ㅡ,,0,긍정 단서,즐거,,공포·강도,https://www.lottecinema.co.kr/NLCHS/Movie/MovieDetailView?movie=24868,2026-10-02T11:15:59.019382+09:00,24868_expanded.json
24868-035,9,24868,옵세션,2026-09-30 05:44,점프스케어 있어요.. 깜짝깜짝,,0,단서 없음,,,,https://www.lottecinema.co.kr/NLCHS/Movie/MovieDetailView?movie=24868,2026-10-02T11:15:59.019382+09:00,24868_expanded.json
24868-036,9,24868,옵세션,2026-09-30 03:50,로튼 지수는 꽤 높지만 개인 취향에서는 쏘쏘~!,,0,단서 없음,,,,https://www.lottecinema.co.kr/NLCHS/Movie/MovieDetailView?movie=24868,2026-10-02T11:15:59.019382+09:00,24868_expanded.json
24868-037,9,24868,옵세션,2026-09-30 03:35,참신한 공포 수행력,,0,단서 없음,,,공포·강도,https://www.lottecinema.co.kr/NLCHS/Movie/MovieDetailView?movie=24868,2026-10-02T11:15:59.019382+09:00,24868_expanded.json
24868-038,9,24868,옵세션,2026-09-30 02:35,재밌어요,,0,긍정 단서,재밌,,,https://www.lottecinema.co.kr/NLCHS/Movie/MovieDetailView?movie=24868,2026-10-02T11:15:59.019382+09:00,24868_expanded.json
24868-039,9,24868,옵세션,2026-09-30 02:16,재미있게 잘 봤습니다.,,0,긍정 단서,잘 봤|재미있|재미있게,,,https://www.lottecinema.co.kr/NLCHS/Movie/MovieDetailView?movie=24868,2026-10-02T11:15:59.019382+09:00,24868_expanded.json
24868-040,9,24868,옵세션,2026-09-30 02:00,광음시네마로 봤더니 진짜 너무 무서웠어요..,,0,단서 없음,,,영상·음향·기기|공포·강도,https://www.lottecinema.co.kr/NLCHS/Movie/MovieDetailView?movie=24868,2026-10-02T11:15:59.019382+09:00,24868_expanded.json
24868-041,9,24868,옵세션,2026-09-30 00:49,재미있게 잘 봤습니다.,,0,긍정 단서,잘 봤|재미있|재미있게,,,https://www.lottecinema.co.kr/NLCHS/Movie/MovieDetailView?movie=24868,2026-10-02T11:15:59.019382+09:00,24868_expanded.json
24868-042,9,24868,옵세션,2026-09-30 00:31,재미나게 잘 봤어요~~!!,,0,긍정 단서,잘 봤,,,https://www.lottecinema.co.kr/NLCHS/Movie/MovieDetailView?movie=24868,2026-10-02T11:15:59.019382+09:00,24868_expanded.json
24868-043,9,24868,옵세션,2026-09-30 00:26,재미나게 잘 봤어요~~!!,,0,긍정 단서,잘 봤,,,https://www.lottecinema.co.kr/NLCHS/Movie/MovieDetailView?movie=24868,2026-10-02T11:15:59.019382+09:00,24868_expanded.json
24868-044,9,24868,옵세션,2026-09-30 00:20,재미나게 잘 봤어요~!!,,0,긍정 단서,잘 봤,,,https://www.lottecinema.co.kr/NLCHS/Movie/MovieDetailView?movie=24868,2026-10-02T11:15:59.019382+09:00,24868_expanded.json
24868-045,9,24868,옵세션,2026-09-30 00:19,재미,짧거나 제목만 있는 리뷰,0,단서 없음,,,,https://www.lottecinema.co.kr/NLCHS/Movie/MovieDetailView?movie=24868,2026-10-02T11:15:59.019382+09:00,24868_expanded.json
24868-046,9,24868,옵세션,2026-09-30 00:17,재미나게 잘 봤어요~~!!,,0,긍정 단서,잘 봤,,,https://www.lottecinema.co.kr/NLCHS/Movie/MovieDetailView?movie=24868,2026-10-02T11:15:59.019382+09:00,24868_expanded.json
24868-047,9,24868,옵세션,2026-09-29 23:49,너무너무 무서워서 진짜 친구랑 껴안고 봤는데 그만큼 재밌어요~!,,0,긍정 단서,재밌,,공포·강도,https://www.lottecinema.co.kr/NLCHS/Movie/MovieDetailView?movie=24868,2026-10-02T11:15:59.019382+09:00,24868_expanded.json
24868-048,9,24868,옵세션,2026-09-29 23:22,다보고 나면 약간 답답합니다.,,0,부정 단서,,답답,,https://www.lottecinema.co.kr/NLCHS/Movie/MovieDetailView?movie=24868,2026-10-02T11:15:59.019382+09:00,24868_expanded.json
24868-049,9,24868,옵세션,2026-09-29 23:02,사실중간에 뛰쳐나갈 뻔 했는데 결말이 괜찮아서 참고 볼만함,,0,긍정 단서,볼만,,서사·연출,https://www.lottecinema.co.kr/NLCHS/Movie/MovieDetailView?movie=24868,2026-10-02T11:15:59.019382+09:00,24868_expanded.json
24868-050,9,24868,옵세션,2026-09-29 20:05,롯시 vvip임. 진짜 오랜만에 공포를 느낌. 제말 믿고 보세요~,,0,단서 없음,,,공포·강도|재관람·추천 의향,https://www.lottecinema.co.kr/NLCHS/Movie/MovieDetailView?movie=24868,2026-10-02T11:15:59.019382+09:00,24868_expanded.json
24868-051,9,24868,옵세션,2026-09-29 19:04,MZ스타일의 미저리인가요? 잔인해요..,,0,단서 없음,,,,https://www.lottecinema.co.kr/NLCHS/Movie/MovieDetailView?movie=24868,2026-10-02T11:15:59.019382+09:00,24868_expanded.json
24868-052,9,24868,옵세션,2026-09-29 18:04,역대 공포 스릴러 영화 중 탑3안에 듬,,0,단서 없음,,,공포·강도,https://www.lottecinema.co.kr/NLCHS/Movie/MovieDetailView?movie=24868,2026-10-02T11:15:59.019382+09:00,24868_expanded.json
24868-053,9,24868,옵세션,2026-09-29 17:17,큰소리로 깜짝놀라게 하는 좀 인위적인 공포의 느낌,,0,단서 없음,,,영상·음향·기기|공포·강도,https://www.lottecinema.co.kr/NLCHS/Movie/MovieDetailView?movie=24868,2026-10-02T11:15:59.019382+09:00,24868_expanded.json
24868-054,9,24868,옵세션,2026-09-29 16:59,옵세션 무섭나쇼 좋나쇼?,,0,단서 없음,,,공포·강도,https://www.lottecinema.co.kr/NLCHS/Movie/MovieDetailView?movie=24868,2026-10-02T11:15:59.019382+09:00,24868_expanded.json
24868-055,9,24868,옵세션,2026-09-29 16:02,"재밌어요.2번봄 남자가 너무 찌질함,,",,0,긍정 단서,재밌,,재관람·추천 의향,https://www.lottecinema.co.kr/NLCHS/Movie/MovieDetailView?movie=24868,2026-10-02T11:15:59.019382+09:00,24868_expanded.json
24868-056,9,24868,옵세션,2026-09-29 15:01,찐따 하나 잘못 만나서... (나는 너랑 만난 적이 없어),,0,단서 없음,,,,https://www.lottecinema.co.kr/NLCHS/Movie/MovieDetailView?movie=24868,2026-10-02T11:15:59.019382+09:00,24868_expanded.json
24868-057,9,24868,옵세션,2026-09-29 12:49,무서운 거 잘 보는 줄 알았는데 난 쫄보였군ㅋ,,0,단서 없음,,,공포·강도,https://www.lottecinema.co.kr/NLCHS/Movie/MovieDetailView?movie=24868,2026-10-02T11:15:59.019382+09:00,24868_expanded.json
24868-058,9,24868,옵세션,2026-09-29 11:13,재미있게 잘 보았습니다.,,0,긍정 단서,잘 보았|재미있|재미있게,,,https://www.lottecinema.co.kr/NLCHS/Movie/MovieDetailView?movie=24868,2026-10-02T11:15:59.019382+09:00,24868_expanded.json
24868-059,9,24868,옵세션,2026-09-29 09:41,생각보다 여주가 소리만 지르고 별로였음,,0,부정 단서,,별로,영상·음향·기기,https://www.lottecinema.co.kr/NLCHS/Movie/MovieDetailView?movie=24868,2026-10-02T11:15:59.019382+09:00,24868_expanded.json
24868-060,9,24868,옵세션,2026-09-29 09:25,귀신나오는 영화인줄 알고 갔는데 아니네요. 그다지 추천하고 싶진 않아요.,,0,부정 단서,,부정표현,재관람·추천 의향,https://www.lottecinema.co.kr/NLCHS/Movie/MovieDetailView?movie=24868,2026-10-02T11:15:59.019382+09:00,24868_expanded.json
24982-001,10,24982,(인피니티비전)어벤져스: 엔드게임 앙코르,2026-10-02 05:07,이것이 바로 MCU의 과거의 추억이자 미래의 희망이다~!!,,0,단서 없음,,,,https://www.lottecinema.co.kr/NLCHS/Movie/MovieDetailView?movie=24982,2026-10-02T11:16:00.294388+09:00,24982_expanded.json
24982-002,10,24982,(인피니티비전)어벤져스: 엔드게임 앙코르,2026-10-02 02:58,몇년만에 다시보니 새로운 재미가 있네. 추가영상은 예상된 떡밥수준이고. 둠스데이!! 마블 부활하나.,,1,단서 없음,,,재관람·추천 의향,https://www.lottecinema.co.kr/NLCHS/Movie/MovieDetailView?movie=24982,2026-10-02T11:16:00.294388+09:00,24982_expanded.json
24982-003,10,24982,(인피니티비전)어벤져스: 엔드게임 앙코르,2026-10-01 16:59,부평역사 광음에서 봤는데 어벤져스 시리즈는 가히 광음에서 봐야하는 것.. 둠스데이와 연계되는 영상들도 잘 봤습니다,,0,긍정 단서,잘 봤,,영상·음향·기기|원작·시리즈 비교|역사·사회 해석,https://www.lottecinema.co.kr/NLCHS/Movie/MovieDetailView?movie=24982,2026-10-02T11:16:00.294388+09:00,24982_expanded.json
24982-004,10,24982,(인피니티비전)어벤져스: 엔드게임 앙코르,2026-10-01 16:32,인피니티비전 많았으면...,,0,단서 없음,,,영상·음향·기기,https://www.lottecinema.co.kr/NLCHS/Movie/MovieDetailView?movie=24982,2026-10-02T11:16:00.294388+09:00,24982_expanded.json
24982-005,10,24982,(인피니티비전)어벤져스: 엔드게임 앙코르,2026-10-01 16:11,다시 봐도 너무 명작,,0,긍정 단서,명작,,,https://www.lottecinema.co.kr/NLCHS/Movie/MovieDetailView?movie=24982,2026-10-02T11:16:00.294388+09:00,24982_expanded.json
24982-006,10,24982,(인피니티비전)어벤져스: 엔드게임 앙코르,2026-10-01 15:15,역시다시봐도굿 재밋게잘봤습니다,,0,긍정 단서,굿|잘봤|재밋,,,https://www.lottecinema.co.kr/NLCHS/Movie/MovieDetailView?movie=24982,2026-10-02T11:16:00.294388+09:00,24982_expanded.json
24982-007,10,24982,(인피니티비전)어벤져스: 엔드게임 앙코르,2026-10-01 14:04,멀티버스는 어렵다,,0,단서 없음,,,,https://www.lottecinema.co.kr/NLCHS/Movie/MovieDetailView?movie=24982,2026-10-02T11:16:00.294388+09:00,24982_expanded.json
24982-008,10,24982,(인피니티비전)어벤져스: 엔드게임 앙코르,2026-10-01 12:16,그때의감동을 다시한번,,1,긍정 단서,감동,,,https://www.lottecinema.co.kr/NLCHS/Movie/MovieDetailView?movie=24982,2026-10-02T11:16:00.294388+09:00,24982_expanded.json
24982-009,10,24982,(인피니티비전)어벤져스: 엔드게임 앙코르,2026-10-01 09:14,"존중과 예우를 가득 담은 마무리, 감사하다.",,0,단서 없음,,,,https://www.lottecinema.co.kr/NLCHS/Movie/MovieDetailView?movie=24982,2026-10-02T11:16:00.294388+09:00,24982_expanded.json
24982-010,10,24982,(인피니티비전)어벤져스: 엔드게임 앙코르,2026-10-01 07:19,우와 우와 우와 라는 말만 나오게 하네... 둠스 데이 나오기 전에 본 날 칭찬해~~,,0,단서 없음,,,,https://www.lottecinema.co.kr/NLCHS/Movie/MovieDetailView?movie=24982,2026-10-02T11:16:00.294388+09:00,24982_expanded.json
24982-011,10,24982,(인피니티비전)어벤져스: 엔드게임 앙코르,2026-10-01 02:17,"노원 리클라이너 별루이네,,,",,0,단서 없음,,,극장 서비스·매너,https://www.lottecinema.co.kr/NLCHS/Movie/MovieDetailView?movie=24982,2026-10-02T11:16:00.294388+09:00,24982_expanded.json
24982-012,10,24982,(인피니티비전)어벤져스: 엔드게임 앙코르,2026-09-30 22:56,어벤져스 엔드게임 지루해.타노스도 지루해,,0,부정 단서,,지루,몰입·속도,https://www.lottecinema.co.kr/NLCHS/Movie/MovieDetailView?movie=24982,2026-10-02T11:16:00.294388+09:00,24982_expanded.json
24982-013,10,24982,(인피니티비전)어벤져스: 엔드게임 앙코르,2026-09-30 22:07,마블 최고의 마스터피스,,0,긍정 단서,최고,,,https://www.lottecinema.co.kr/NLCHS/Movie/MovieDetailView?movie=24982,2026-10-02T11:16:00.294388+09:00,24982_expanded.json
24982-014,10,24982,(인피니티비전)어벤져스: 엔드게임 앙코르,2026-09-30 21:58,재미있게 잘 보고 왔어요~^^,,0,긍정 단서,재미있|재미있게,,,https://www.lottecinema.co.kr/NLCHS/Movie/MovieDetailView?movie=24982,2026-10-02T11:16:00.294388+09:00,24982_expanded.json
24982-015,10,24982,(인피니티비전)어벤져스: 엔드게임 앙코르,2026-09-30 18:55,재미있게 잘 봤습니다,,0,긍정 단서,잘 봤|재미있|재미있게,,,https://www.lottecinema.co.kr/NLCHS/Movie/MovieDetailView?movie=24982,2026-10-02T11:16:00.294388+09:00,24982_expanded.json
24982-016,10,24982,(인피니티비전)어벤져스: 엔드게임 앙코르,2026-09-30 16:58,재미있게 봤습니다..,,0,긍정 단서,재미있|재미있게,,,https://www.lottecinema.co.kr/NLCHS/Movie/MovieDetailView?movie=24982,2026-10-02T11:16:00.294388+09:00,24982_expanded.json
24982-017,10,24982,(인피니티비전)어벤져스: 엔드게임 앙코르,2026-09-30 15:45,영화관에서 다시 보게 되어서 기쁘다,,0,단서 없음,,,재관람·추천 의향,https://www.lottecinema.co.kr/NLCHS/Movie/MovieDetailView?movie=24982,2026-10-02T11:16:00.294388+09:00,24982_expanded.json
24982-018,10,24982,(인피니티비전)어벤져스: 엔드게임 앙코르,2026-09-30 13:16,롯데시네마 월드타워 슈플에서 보는 어벤져스 엔드게임은 최고!! 현명한 선택이었음. 다만 쿠키 다보고 나오니 포스터는 소진 ㅋㅋ,,0,긍정 단서,최고,,,https://www.lottecinema.co.kr/NLCHS/Movie/MovieDetailView?movie=24982,2026-10-02T11:16:00.294388+09:00,24982_expanded.json
24982-019,10,24982,(인피니티비전)어벤져스: 엔드게임 앙코르,2026-09-30 07:57,꿀잼 20여편의 서사가 차곡차곡 쌓여 장면장면마다 감정씬이 폭발한다,,0,긍정 단서,꿀잼,,서사·연출,https://www.lottecinema.co.kr/NLCHS/Movie/MovieDetailView?movie=24982,2026-10-02T11:16:00.294388+09:00,24982_expanded.json
24982-020,10,24982,(인피니티비전)어벤져스: 엔드게임 앙코르,2026-09-30 03:17,잘 보았습니다 잘 보았습니다 잘 보았습니다,,0,긍정 단서,잘 보았,,,https://www.lottecinema.co.kr/NLCHS/Movie/MovieDetailView?movie=24982,2026-10-02T11:16:00.294388+09:00,24982_expanded.json
24982-021,10,24982,(인피니티비전)어벤져스: 엔드게임 앙코르,2026-09-30 02:28,보고또봐도 멋진영화,,0,단서 없음,,,,https://www.lottecinema.co.kr/NLCHS/Movie/MovieDetailView?movie=24982,2026-10-02T11:16:00.294388+09:00,24982_expanded.json
24982-022,10,24982,(인피니티비전)어벤져스: 엔드게임 앙코르,2026-09-29 22:50,명불허전,,0,단서 없음,,,,https://www.lottecinema.co.kr/NLCHS/Movie/MovieDetailView?movie=24982,2026-10-02T11:16:00.294388+09:00,24982_expanded.json
24982-023,10,24982,(인피니티비전)어벤져스: 엔드게임 앙코르,2026-09-29 22:20,다시 보는 엔드게임 너무 감동이구 전율이 오소소 쿠키도 넘 좋아요..,,0,긍정 단서,감동|좋아|좋아요,,재관람·추천 의향,https://www.lottecinema.co.kr/NLCHS/Movie/MovieDetailView?movie=24982,2026-10-02T11:16:00.294388+09:00,24982_expanded.json
24982-024,10,24982,(인피니티비전)어벤져스: 엔드게임 앙코르,2026-09-29 21:30,보니까 또 열받네..나타샤 살려내라 마블것들아..,,1,단서 없음,,,,https://www.lottecinema.co.kr/NLCHS/Movie/MovieDetailView?movie=24982,2026-10-02T11:16:00.294388+09:00,24982_expanded.json
24982-025,10,24982,(인피니티비전)어벤져스: 엔드게임 앙코르,2026-09-29 19:55,역시 엔드게임!,,2,단서 없음,,,,https://www.lottecinema.co.kr/NLCHS/Movie/MovieDetailView?movie=24982,2026-10-02T11:16:00.294388+09:00,24982_expanded.json
24982-026,10,24982,(인피니티비전)어벤져스: 엔드게임 앙코르,2026-09-29 13:53,둠스데이 개봉 전 꼭 봐야함,,1,단서 없음,,,,https://www.lottecinema.co.kr/NLCHS/Movie/MovieDetailView?movie=24982,2026-10-02T11:16:00.294388+09:00,24982_expanded.json
24982-027,10,24982,(인피니티비전)어벤져스: 엔드게임 앙코르,2026-09-29 12:06,예전만큼 재미있지는 않은 느낌,,0,부정 단서,,부정표현,,https://www.lottecinema.co.kr/NLCHS/Movie/MovieDetailView?movie=24982,2026-10-02T11:16:00.294388+09:00,24982_expanded.json
24982-028,10,24982,(인피니티비전)어벤져스: 엔드게임 앙코르,2026-09-29 11:23,광음만으로는 모자라다.,,0,단서 없음,,,영상·음향·기기,https://www.lottecinema.co.kr/NLCHS/Movie/MovieDetailView?movie=24982,2026-10-02T11:16:00.294388+09:00,24982_expanded.json
24982-029,10,24982,(인피니티비전)어벤져스: 엔드게임 앙코르,2026-09-29 09:10,어벤져스 어셈블!!! 3000만큼 사랑해♡ 어벤져스 시대에 살고 있어서 감사하네요~뭉클뭉클~ 언제봐도 다시봐도 볼 때마다 재밌음!!,,0,긍정 단서,재밌,,역사·사회 해석,https://www.lottecinema.co.kr/NLCHS/Movie/MovieDetailView?movie=24982,2026-10-02T11:16:00.294388+09:00,24982_expanded.json
24982-030,10,24982,(인피니티비전)어벤져스: 엔드게임 앙코르,2026-09-29 05:17,고맙습니다~ 다음에 또 기회있으면 좋겠네요~,,0,단서 없음,,,,https://www.lottecinema.co.kr/NLCHS/Movie/MovieDetailView?movie=24982,2026-10-02T11:16:00.294388+09:00,24982_expanded.json
24982-031,10,24982,(인피니티비전)어벤져스: 엔드게임 앙코르,2026-09-29 04:15,이벤트 포스터 남아있는 수량을 cgv처럼이라도 알려주지 않을 꺼라면 넉넉히 준비해서 적어도 기간내에 보는 사람들은 받게 해줬으면 좋겠어요. 주는 줄 알고 갔는데 못 받으면 그 영화관 다시 예매하고 싶지 않음,,1,단서 없음,,,영상·음향·기기,https://www.lottecinema.co.kr/NLCHS/Movie/MovieDetailView?movie=24982,2026-10-02T11:16:00.294388+09:00,24982_expanded.json
24982-032,10,24982,(인피니티비전)어벤져스: 엔드게임 앙코르,2026-09-28 22:58,"처음 볼 때는 거대한 전투와 화려한 액션에 압도됐다면, 앙코르 관람에서는 오히려 시간을 함께해 온 영웅들의 마지막 이야기가 더 깊게 다가온다.",,0,단서 없음,,,,https://www.lottecinema.co.kr/NLCHS/Movie/MovieDetailView?movie=24982,2026-10-02T11:16:00.294388+09:00,24982_expanded.json
24982-033,10,24982,(인피니티비전)어벤져스: 엔드게임 앙코르,2026-09-28 22:25,역대 어벤져스 총출동: 눈호강,,0,단서 없음,,,,https://www.lottecinema.co.kr/NLCHS/Movie/MovieDetailView?movie=24982,2026-10-02T11:16:00.294388+09:00,24982_expanded.json
24982-034,10,24982,(인피니티비전)어벤져스: 엔드게임 앙코르,2026-09-28 21:56,굿굿굿 다운받아서 보다가 큰 화면으로 보니 역시나 레전드입니다,,0,긍정 단서,굿,,,https://www.lottecinema.co.kr/NLCHS/Movie/MovieDetailView?movie=24982,2026-10-02T11:16:00.294388+09:00,24982_expanded.json
24982-035,10,24982,(인피니티비전)어벤져스: 엔드게임 앙코르,2026-09-28 21:06,7년전의 그 감동과 연말의 기대감을 느낄 수 있었습니다,,0,긍정 단서,감동,,,https://www.lottecinema.co.kr/NLCHS/Movie/MovieDetailView?movie=24982,2026-10-02T11:16:00.294388+09:00,24982_expanded.json
24982-036,10,24982,(인피니티비전)어벤져스: 엔드게임 앙코르,2026-09-28 18:07,3000만큼 사랑해요,,1,단서 없음,,,,https://www.lottecinema.co.kr/NLCHS/Movie/MovieDetailView?movie=24982,2026-10-02T11:16:00.294388+09:00,24982_expanded.json
24982-037,10,24982,(인피니티비전)어벤져스: 엔드게임 앙코르,2026-09-28 18:00,다시봐도 웅장하네요!,,1,긍정 단서,웅장,,영상·음향·기기,https://www.lottecinema.co.kr/NLCHS/Movie/MovieDetailView?movie=24982,2026-10-02T11:16:00.294388+09:00,24982_expanded.json
24982-038,10,24982,(인피니티비전)어벤져스: 엔드게임 앙코르,2026-09-28 17:30,다시한번 어셈블,,1,단서 없음,,,,https://www.lottecinema.co.kr/NLCHS/Movie/MovieDetailView?movie=24982,2026-10-02T11:16:00.294388+09:00,24982_expanded.json
24982-039,10,24982,(인피니티비전)어벤져스: 엔드게임 앙코르,2026-09-28 17:26,재미있게 잘 봤습니다.,,0,긍정 단서,잘 봤|재미있|재미있게,,,https://www.lottecinema.co.kr/NLCHS/Movie/MovieDetailView?movie=24982,2026-10-02T11:16:00.294388+09:00,24982_expanded.json
24982-040,10,24982,(인피니티비전)어벤져스: 엔드게임 앙코르,2026-09-28 17:20,오랜만에보니 폭풍 감동 폭풍 눈물이네.,,1,긍정 단서,감동,,,https://www.lottecinema.co.kr/NLCHS/Movie/MovieDetailView?movie=24982,2026-10-02T11:16:00.294388+09:00,24982_expanded.json
24982-041,10,24982,(인피니티비전)어벤져스: 엔드게임 앙코르,2026-09-28 16:23,역시 이 영화는 언제 봐도 오락의 끝판왕 수준이란 사실에는 변함이 없군! 광음시네마 혹은 SUPER PLEX 같은 특별관에서 봐야 영화적 경험을 후회하지 않을 것.,,0,단서 없음,,,영상·음향·기기,https://www.lottecinema.co.kr/NLCHS/Movie/MovieDetailView?movie=24982,2026-10-02T11:16:00.294388+09:00,24982_expanded.json
24982-042,10,24982,(인피니티비전)어벤져스: 엔드게임 앙코르,2026-09-28 15:43,역사상 전무후무라는 말이 딱 어울림,,0,단서 없음,,,역사·사회 해석,https://www.lottecinema.co.kr/NLCHS/Movie/MovieDetailView?movie=24982,2026-10-02T11:16:00.294388+09:00,24982_expanded.json
24982-043,10,24982,(인피니티비전)어벤져스: 엔드게임 앙코르,2026-09-28 14:34,지금 봐도 재밌다,,0,긍정 단서,재밌,,,https://www.lottecinema.co.kr/NLCHS/Movie/MovieDetailView?movie=24982,2026-10-02T11:16:00.294388+09:00,24982_expanded.json
24982-044,10,24982,(인피니티비전)어벤져스: 엔드게임 앙코르,2026-09-28 13:30,다시 봐도 재밌는 그때 마블,,0,긍정 단서,재밌,,,https://www.lottecinema.co.kr/NLCHS/Movie/MovieDetailView?movie=24982,2026-10-02T11:16:00.294388+09:00,24982_expanded.json
24982-045,10,24982,(인피니티비전)어벤져스: 엔드게임 앙코르,2026-09-28 13:21,"엔드게임 안 봤던 뇌였고, 이번에 극장에서 처음으로 정주행했다. 우리나라는 암살자들 같은 영화가 나오는게 부끄러울 지경이었다.",,4,단서 없음,,,,https://www.lottecinema.co.kr/NLCHS/Movie/MovieDetailView?movie=24982,2026-10-02T11:16:00.294388+09:00,24982_expanded.json
24982-046,10,24982,(인피니티비전)어벤져스: 엔드게임 앙코르,2026-09-28 11:55,ㄱㅊ,짧거나 제목만 있는 리뷰,0,단서 없음,,,,https://www.lottecinema.co.kr/NLCHS/Movie/MovieDetailView?movie=24982,2026-10-02T11:16:00.294388+09:00,24982_expanded.json
24982-047,10,24982,(인피니티비전)어벤져스: 엔드게임 앙코르,2026-09-28 11:24,진짜로 영화관가서 봐야 감동적이다,,1,긍정 단서,감동,,,https://www.lottecinema.co.kr/NLCHS/Movie/MovieDetailView?movie=24982,2026-10-02T11:16:00.294388+09:00,24982_expanded.json
24982-048,10,24982,(인피니티비전)어벤져스: 엔드게임 앙코르,2026-09-28 09:08,다시 나올줄은 몰랐는데 포스터도 받고 좋았음ㅋㅋ,,1,긍정 단서,좋았,,,https://www.lottecinema.co.kr/NLCHS/Movie/MovieDetailView?movie=24982,2026-10-02T11:16:00.294388+09:00,24982_expanded.json
24982-049,10,24982,(인피니티비전)어벤져스: 엔드게임 앙코르,2026-09-28 07:44,마블의 최정점을 스크린에서 다시볼 수 있어서 감격스러웠다. 그러나 다분히 둠스데이에 대한 빌드업을 위한 쿠키에서 느껴지는 야욕은 다소 안타깝고 어색했다.,,0,부정 단서,,어색,영상·음향·기기,https://www.lottecinema.co.kr/NLCHS/Movie/MovieDetailView?movie=24982,2026-10-02T11:16:00.294388+09:00,24982_expanded.json
24982-050,10,24982,(인피니티비전)어벤져스: 엔드게임 앙코르,2026-09-28 06:43,재미있어요 재미있어요,,0,긍정 단서,재미있,,,https://www.lottecinema.co.kr/NLCHS/Movie/MovieDetailView?movie=24982,2026-10-02T11:16:00.294388+09:00,24982_expanded.json
24982-051,10,24982,(인피니티비전)어벤져스: 엔드게임 앙코르,2026-09-28 06:42,재미있어요 재미있어요,,0,긍정 단서,재미있,,,https://www.lottecinema.co.kr/NLCHS/Movie/MovieDetailView?movie=24982,2026-10-02T11:16:00.294388+09:00,24982_expanded.json
24982-052,10,24982,(인피니티비전)어벤져스: 엔드게임 앙코르,2026-09-28 03:45,마블하면 어벤져스가 답이다 그중 엔드게임이 단연 최고,,1,긍정 단서,최고,,,https://www.lottecinema.co.kr/NLCHS/Movie/MovieDetailView?movie=24982,2026-10-02T11:16:00.294388+09:00,24982_expanded.json
24982-053,10,24982,(인피니티비전)어벤져스: 엔드게임 앙코르,2026-09-28 00:43,화질이 좋아져서 새로운느낌 쿠키세개에 추가씬,,0,긍정 단서,좋아,,영상·음향·기기,https://www.lottecinema.co.kr/NLCHS/Movie/MovieDetailView?movie=24982,2026-10-02T11:16:00.294388+09:00,24982_expanded.json
24982-054,10,24982,(인피니티비전)어벤져스: 엔드게임 앙코르,2026-09-28 00:13,다시 봐도 감동입니다. 또 보고싶네요,,0,긍정 단서,감동,,재관람·추천 의향,https://www.lottecinema.co.kr/NLCHS/Movie/MovieDetailView?movie=24982,2026-10-02T11:16:00.294388+09:00,24982_expanded.json
24982-055,10,24982,(인피니티비전)어벤져스: 엔드게임 앙코르,2026-09-27 23:57,재미있게 잘봤습니다 ~~,,0,긍정 단서,잘봤|재미있|재미있게,,,https://www.lottecinema.co.kr/NLCHS/Movie/MovieDetailView?movie=24982,2026-10-02T11:16:00.294388+09:00,24982_expanded.json
24982-056,10,24982,(인피니티비전)어벤져스: 엔드게임 앙코르,2026-09-27 23:51,"둠스데이를 위한 초석, 다시 한번 쿠키영상을 기다리게 만드는 감동이었다",,2,긍정 단서,감동,,,https://www.lottecinema.co.kr/NLCHS/Movie/MovieDetailView?movie=24982,2026-10-02T11:16:00.294388+09:00,24982_expanded.json
24982-057,10,24982,(인피니티비전)어벤져스: 엔드게임 앙코르,2026-09-27 23:18,다시 예전의 느낌을 느낄 수 있었다 그런데 너무 길다보니 화장실에 가고싶은 걸 참느라 100프로 몰입하지 못한게 좀아쉽다 초반에 음료수 먹으면 안되는 것이었는데,,1,부정 단서,,아쉽,몰입·속도,https://www.lottecinema.co.kr/NLCHS/Movie/MovieDetailView?movie=24982,2026-10-02T11:16:00.294388+09:00,24982_expanded.json
24982-058,10,24982,(인피니티비전)어벤져스: 엔드게임 앙코르,2026-09-27 22:00,예전의 감동이 다시한번,,0,긍정 단서,감동,,,https://www.lottecinema.co.kr/NLCHS/Movie/MovieDetailView?movie=24982,2026-10-02T11:16:00.294388+09:00,24982_expanded.json
24982-059,10,24982,(인피니티비전)어벤져스: 엔드게임 앙코르,2026-09-27 20:06,오랜만에 영화관에서 보니 너무 좋아요,,0,긍정 단서,좋아|좋아요,,,https://www.lottecinema.co.kr/NLCHS/Movie/MovieDetailView?movie=24982,2026-10-02T11:16:00.294388+09:00,24982_expanded.json
24982-060,10,24982,(인피니티비전)어벤져스: 엔드게임 앙코르,2026-09-27 19:58,I love U 3000,,0,단서 없음,,,,https://www.lottecinema.co.kr/NLCHS/Movie/MovieDetailView?movie=24982,2026-10-02T11:16:00.294388+09:00,24982_expanded.json
